-- MySQL dump 10.13  Distrib 8.0.33, for Linux (x86_64)
--
-- Host: 127.0.0.1    Database: metro
-- ------------------------------------------------------
-- Server version	8.0.33-0ubuntu0.20.04.2

/*!40101 SET @OLD_CHARACTER_SET_CLIENT=@@CHARACTER_SET_CLIENT */;
/*!40101 SET @OLD_CHARACTER_SET_RESULTS=@@CHARACTER_SET_RESULTS */;
/*!40101 SET @OLD_COLLATION_CONNECTION=@@COLLATION_CONNECTION */;
/*!50503 SET NAMES utf8 */;
/*!40103 SET @OLD_TIME_ZONE=@@TIME_ZONE */;
/*!40103 SET TIME_ZONE='+00:00' */;
/*!40014 SET @OLD_UNIQUE_CHECKS=@@UNIQUE_CHECKS, UNIQUE_CHECKS=0 */;
/*!40014 SET @OLD_FOREIGN_KEY_CHECKS=@@FOREIGN_KEY_CHECKS, FOREIGN_KEY_CHECKS=0 */;
/*!40101 SET @OLD_SQL_MODE=@@SQL_MODE, SQL_MODE='NO_AUTO_VALUE_ON_ZERO' */;
/*!40111 SET @OLD_SQL_NOTES=@@SQL_NOTES, SQL_NOTES=0 */;

--
-- Dumping data for table `linea`
--

LOCK TABLES `linea` WRITE;
/*!40000 ALTER TABLE `linea` DISABLE KEYS */;
INSERT INTO `linea` VALUES ('A'),('B'),('B1'),('C'),('VITERBO');
/*!40000 ALTER TABLE `linea` ENABLE KEYS */;
UNLOCK TABLES;

--
-- Dumping data for table `stazione`
--

LOCK TABLES `stazione` WRITE;
/*!40000 ALTER TABLE `stazione` DISABLE KEYS */;
INSERT INTO `stazione` VALUES ('Alessandrino',41.87162205057611,12.578402062534387),('Anagnina',41.84284842603803,12.586330977867),('Arco di Travertino',41.86698007482365,12.534962099775592),('Baldo degli Ubaldi',41.89942724218692,12.434196377877452),('Balduina',41.9198835,12.4356535),('Barberini',41.90426576112662,12.488728506711185),('Basilica S. Paolo',41.8559870488062,12.478409698754577),('Battistini',41.90609964385473,12.414994165911722),('Bologna',41.91375158936745,12.520801155899207),('Bolognetta',41.865679853327585,12.68218599752456),('Borghesiana',41.86505527984052,12.667205941350437),('Castro Pretorio',41.906609833382035,12.505665197657684),('Cavour',41.89508890921001,12.493681131572485),('Cinecittà',41.84981085666075,12.574009056248094),('Cipro',41.9078468693348,12.44743854905093),('Circo Massimo',41.883515265746965,12.487741444273295),('Colli Albani',41.869882451161615,12.529433606714687),('Colosseo',41.89162042555161,12.491518811435874),('Conca d\'Oro',41.94043897798989,12.5285069287434),('Cornelia',41.89974325577936,12.426740681253785),('Due Leoni',41.8644704,12.656487),('EUR Fermi',41.82896497282243,12.470958867107113),('EUR Magliana',41.839660979417154,12.463823602474266),('EUR Palasport',41.83032445791026,12.466197276028302),('Fidene',41.9791472,12.508126),('Finocchio',41.86577291831299,12.688760893038207),('Flaminio',41.91281869079745,12.476413096398849),('Fontana Candida',41.8671298,12.6194508),('Furio Camillo',41.87486741994258,12.522653377887442),('Garbatella',41.866638775121025,12.483227449051848),('Gardenie',41.88644573332874,12.561669350888943),('Gemelli',41.9278126,12.4248486),('Giardinetti',41.86457647149445,12.609971222092646),('Giulio Agricola',41.856776629167115,12.562632622061717),('Graniti',41.86599742804418,12.699080167747564),('Grotte Celoni',41.86308698029245,12.64742440047664),('Jonio',41.94695573472286,12.527217680223169),('Laurentina',41.82797564486074,12.481269819928738),('Lepanto',41.911734651073715,12.466271679745672),('Libia',41.93198125857707,12.519214762513247),('Lodi',41.88697271801923,12.518085188757771),('Lucio Sestio',41.85996671459299,12.557072216186876),('Malatesta',41.887806316897844,12.540194222041738),('Manzoni',41.89057553442529,12.506599328070862),('Marconi',41.84952576253841,12.475270293210789),('Mirti',41.88147026181637,12.566328998292049),('Monte Compatri-Pantano',41.86606016540338,12.7083055948086),('Monti Tiburtini',41.914101,12.5154491),('Numidio Quadrato',41.86221670659142,12.5527436490507),('Orte',42.4374928,12.3365851),('Ottaviano',41.8962188,12.3826235),('Parco di Centocelle',41.87468010654293,12.567975149897546),('Pietralata',41.915059458185276,12.554935650891741),('Pigneto',41.8887202052091,12.528216964368461),('Piramide',41.8758149066936,12.482286564378898),('Policlinico',41.908742322035685,12.51191575777383),('Ponte Lungo',41.8781082435819,12.518927964383563),('Ponte Mammolo',41.9205172,12.5624521),('Porta Furba',41.863906411316265,12.548119194515989),('Quinitiliani',41.9155693,12.5360154),('Re di Roma',41.88228661728319,12.51380342021626),('Rebibbia',41.92602171173921,12.572988022035249),('Repubblica',41.90266053490698,12.495757962550416),('San Giovanni',41.88542322346316,12.510263864390987),('San Pietro',41.895718,12.4453373),('Sant\'Agnese/Annibaliano',41.92394018698643,12.515534877876073),('Santa Maria del Soccorso',41.915538,12.5581347),('Spagna',41.90665229549481,12.482965335534491),('Subaugusta',41.85385547058278,12.567445291369994),('Teano',41.88974462950248,12.551276106698431),('Termini',41.90159578670332,12.500044141802071),('Tiburtina',41.9110452,12.5132607),('Torre Angela',41.86467246982229,12.625583574532406),('Torre Gaia',41.86466399322912,12.636655723592927),('Torre Maura',41.86683096769277,12.597021483596293),('Torre Spaccata',41.86896823174255,12.58712985089382),('Torrenova',41.86356772913323,12.617085637896201),('Trastevere',41.8727362,12.4631454),('Valle Aurelia',41.90304360119268,12.441229550904268),('Viterbo',41.91191999818423,12.498759829455125),('Vittorio Emanuele',41.8941563950191,12.503565935553993);
/*!40000 ALTER TABLE `stazione` ENABLE KEYS */;
UNLOCK TABLES;

--
-- Dumping data for table `stazione_passa_linea`
--

LOCK TABLES `stazione_passa_linea` WRITE;
/*!40000 ALTER TABLE `stazione_passa_linea` DISABLE KEYS */;
INSERT INTO `stazione_passa_linea` VALUES ('Alessandrino','C',15),('Anagnina','A',27),('Arco di Travertino','A',20),('Baldo degli Ubaldi','A',3),('Balduina','VITERBO',3),('Barberini','A',10),('Basilica S. Paolo','B',6),('Battistini','A',1),('Bologna','B',15),('Bolognetta','C',4),('Borghesiana','C',5),('Castro Pretorio','B',13),('Cavour','B',11),('Cinecittà','A',26),('Cipro','A',5),('Circo Massimo','B',9),('Colli Albani','A',19),('Colosseo','B',10),('Conca d\'Oro','B1',3),('Cornelia','A',2),('Due Leoni','C',6),('EUR Fermi','B',2),('EUR Magliana','B',4),('EUR Palasport','B',3),('Fidene','VITERBO',10),('Finocchio','C',3),('Flaminio','A',8),('Fontana Candida','C',7),('Furio Camillo','A',18),('Garbatella','B',7),('Gardenie','C',18),('Gemelli','VITERBO',2),('Giardinetti','C',12),('Giulio Agricola','A',24),('Graniti','C',2),('Grotte Celoni','C',8),('Jonio','B1',4),('Laurentina','B',1),('Lepanto','A',7),('Libia','B1',2),('Lodi','C',22),('Lucio Sestio','A',23),('Malatesta','C',20),('Manzoni','A',14),('Marconi','B',5),('Mirti','C',17),('Monte Compatri-Pantano','C',1),('Monti Tiburtini','B',18),('Numidio Quadrato','A',22),('Orte','VITERBO',11),('Ottaviano','A',6),('Parco di Centocelle','C',16),('Pietralata','B',19),('Pigneto','C',21),('Piramide','B',8),('Piramide','VITERBO',7),('Policlinico','B',14),('Ponte Lungo','A',17),('Ponte Lungo','VITERBO',8),('Ponte Mammolo','B',21),('Porta Furba','A',21),('Quinitiliani','B',17),('Re di Roma','A',16),('Rebibbia','B',22),('Repubblica','A',11),('San Giovanni','A',15),('San Giovanni','C',23),('San Pietro','VITERBO',5),('Sant\'Agnese/Annibaliano','B1',1),('Santa Maria del Soccorso','B',20),('Spagna','A',9),('Subaugusta','A',25),('Teano','C',19),('Termini','A',12),('Termini','B',12),('Tiburtina','B',16),('Tiburtina','VITERBO',9),('Torre Angela','C',10),('Torre Gaia','C',9),('Torre Maura','C',13),('Torre Spaccata','C',14),('Torrenova','C',11),('Trastevere','VITERBO',6),('Valle Aurelia','A',4),('Valle Aurelia','VITERBO',4),('Viterbo','VITERBO',1),('Vittorio Emanuele','A',13);
/*!40000 ALTER TABLE `stazione_passa_linea` ENABLE KEYS */;
UNLOCK TABLES;

--
-- Dumping data for table `transiti`
--

LOCK TABLES `transiti` WRITE;
/*!40000 ALTER TABLE `transiti` DISABLE KEYS */;
INSERT INTO `transiti` VALUES (1,'Arco di Travertino','Porta Furba',0,0,'11:50:00','12:05:00',20,0.77),(1,'Baldo degli Ubaldi','Valle Aurelia',0,0,'06:10:00','06:25:00',3,0.49),(1,'Barberini','Repubblica',0,0,'08:30:00','08:45:00',10,0.52),(1,'Battistini','Cornelia',1,0,'05:30:00','05:45:00',1,0.33),(1,'Cinecittà','Anagnina',0,1,'13:50:00','14:05:00',26,0.82),(1,'Cipro','Ottaviano',0,0,'06:50:00','07:05:00',5,0.34),(1,'Colli Albani','Arco di Travertino',0,0,'11:30:00','11:45:00',19,0.77),(1,'Cornelia','Baldo degli Ubaldi',0,0,'05:50:00','06:05:00',2,0.49),(1,'Flaminio','Spagna',0,0,'07:50:00','08:05:00',8,0.85),(1,'Furio Camillo','Colli Albani',0,0,'11:10:00','11:25:00',18,0.69),(1,'Giulio Agricola','Subaugusta',0,0,'13:10:00','13:25:00',24,0.67),(1,'Lepanto','Flaminio',0,0,'07:30:00','07:45:00',7,0.56),(1,'Lucio Sestio','Giulio Agricola',0,0,'12:50:00','13:05:00',23,0.43),(1,'Manzoni','San Giovanni',0,0,'09:50:00','10:05:00',14,0.82),(1,'Numidio Quadrato','Lucio Sestio',0,0,'12:30:00','12:45:00',22,0.91),(1,'Ottaviano','Lepanto',0,0,'07:10:00','07:25:00',6,0.82),(1,'Ponte Lungo','Furio Camillo',0,0,'10:50:00','11:05:00',17,0.81),(1,'Porta Furba','Numidio Quadrato',0,0,'12:10:00','12:25:00',21,0.54),(1,'Re di Roma','Ponte Lungo',0,0,'10:30:00','10:45:00',16,0.78),(1,'Repubblica','Termini',0,0,'08:50:00','09:05:00',11,0.66),(1,'San Giovanni','Re di Roma',0,0,'10:10:00','10:25:00',15,0.7),(1,'Spagna','Barberini',0,0,'08:10:00','08:25:00',9,0.81),(1,'Subaugusta','Cinecittà',0,0,'13:30:00','13:45:00',25,0.32),(1,'Termini','Vittorio Emanuele',0,0,'09:10:00','09:25:00',12,0.74),(1,'Valle Aurelia','Cipro',0,0,'06:30:00','06:45:00',4,0.71),(1,'Vittorio Emanuele','Manzoni',0,0,'09:30:00','09:45:00',13,0.3),(2,'Arco di Travertino','Porta Furba',0,0,'14:05:00','14:20:00',20,0.77),(2,'Baldo degli Ubaldi','Valle Aurelia',0,0,'08:25:00','08:40:00',3,0.49),(2,'Barberini','Repubblica',0,0,'10:45:00','11:00:00',10,0.52),(2,'Battistini','Cornelia',1,0,'07:45:00','08:00:00',1,0.33),(2,'Cinecittà','Anagnina',0,1,'16:05:00','16:20:00',26,0.82),(2,'Cipro','Ottaviano',0,0,'09:05:00','09:20:00',5,0.34),(2,'Colli Albani','Arco di Travertino',0,0,'13:45:00','14:00:00',19,0.77),(2,'Cornelia','Baldo degli Ubaldi',0,0,'08:05:00','08:20:00',2,0.49),(2,'Flaminio','Spagna',0,0,'10:05:00','10:20:00',8,0.85),(2,'Furio Camillo','Colli Albani',0,0,'13:25:00','13:40:00',18,0.69),(2,'Giulio Agricola','Subaugusta',0,0,'15:25:00','15:40:00',24,0.67),(2,'Lepanto','Flaminio',0,0,'09:45:00','10:00:00',7,0.56),(2,'Lucio Sestio','Giulio Agricola',0,0,'15:05:00','15:20:00',23,0.43),(2,'Manzoni','San Giovanni',0,0,'12:05:00','12:20:00',14,0.82),(2,'Numidio Quadrato','Lucio Sestio',0,0,'14:45:00','15:00:00',22,0.91),(2,'Ottaviano','Lepanto',0,0,'09:25:00','09:40:00',6,0.82),(2,'Ponte Lungo','Furio Camillo',0,0,'13:05:00','13:20:00',17,0.81),(2,'Porta Furba','Numidio Quadrato',0,0,'14:25:00','14:40:00',21,0.54),(2,'Re di Roma','Ponte Lungo',0,0,'12:45:00','13:00:00',16,0.78),(2,'Repubblica','Termini',0,0,'11:05:00','11:20:00',11,0.66),(2,'San Giovanni','Re di Roma',0,0,'12:25:00','12:40:00',15,0.7),(2,'Spagna','Barberini',0,0,'10:25:00','10:40:00',9,0.81),(2,'Subaugusta','Cinecittà',0,0,'15:45:00','16:00:00',25,0.32),(2,'Termini','Vittorio Emanuele',0,0,'11:25:00','11:40:00',12,0.74),(2,'Valle Aurelia','Cipro',0,0,'08:45:00','09:00:00',4,0.71),(2,'Vittorio Emanuele','Manzoni',0,0,'11:45:00','12:00:00',13,0.3),(3,'Arco di Travertino','Porta Furba',0,0,'16:20:00','16:35:00',20,0.77),(3,'Baldo degli Ubaldi','Valle Aurelia',0,0,'10:40:00','10:55:00',3,0.49),(3,'Barberini','Repubblica',0,0,'13:00:00','13:15:00',10,0.52),(3,'Battistini','Cornelia',1,0,'10:00:00','10:15:00',1,0.33),(3,'Cinecittà','Anagnina',0,1,'18:20:00','18:35:00',26,0.82),(3,'Cipro','Ottaviano',0,0,'11:20:00','11:35:00',5,0.34),(3,'Colli Albani','Arco di Travertino',0,0,'16:00:00','16:15:00',19,0.77),(3,'Cornelia','Baldo degli Ubaldi',0,0,'10:20:00','10:35:00',2,0.49),(3,'Flaminio','Spagna',0,0,'12:20:00','12:35:00',8,0.85),(3,'Furio Camillo','Colli Albani',0,0,'15:40:00','15:55:00',18,0.69),(3,'Giulio Agricola','Subaugusta',0,0,'17:40:00','17:55:00',24,0.67),(3,'Lepanto','Flaminio',0,0,'12:00:00','12:15:00',7,0.56),(3,'Lucio Sestio','Giulio Agricola',0,0,'17:20:00','17:35:00',23,0.43),(3,'Manzoni','San Giovanni',0,0,'14:20:00','14:35:00',14,0.82),(3,'Numidio Quadrato','Lucio Sestio',0,0,'17:00:00','17:15:00',22,0.91),(3,'Ottaviano','Lepanto',0,0,'11:40:00','11:55:00',6,0.82),(3,'Ponte Lungo','Furio Camillo',0,0,'15:20:00','15:35:00',17,0.81),(3,'Porta Furba','Numidio Quadrato',0,0,'16:40:00','16:55:00',21,0.54),(3,'Re di Roma','Ponte Lungo',0,0,'15:00:00','15:15:00',16,0.78),(3,'Repubblica','Termini',0,0,'13:20:00','13:35:00',11,0.66),(3,'San Giovanni','Re di Roma',0,0,'14:40:00','14:55:00',15,0.7),(3,'Spagna','Barberini',0,0,'12:40:00','12:55:00',9,0.81),(3,'Subaugusta','Cinecittà',0,0,'18:00:00','18:15:00',25,0.32),(3,'Termini','Vittorio Emanuele',0,0,'13:40:00','13:55:00',12,0.74),(3,'Valle Aurelia','Cipro',0,0,'11:00:00','11:15:00',4,0.71),(3,'Vittorio Emanuele','Manzoni',0,0,'14:00:00','14:15:00',13,0.3),(4,'Arco di Travertino','Porta Furba',0,0,'18:35:00','18:50:00',20,0.77),(4,'Baldo degli Ubaldi','Valle Aurelia',0,0,'12:55:00','13:10:00',3,0.49),(4,'Barberini','Repubblica',0,0,'15:15:00','15:30:00',10,0.52),(4,'Battistini','Cornelia',1,0,'12:15:00','12:30:00',1,0.33),(4,'Cinecittà','Anagnina',0,1,'20:35:00','20:50:00',26,0.82),(4,'Cipro','Ottaviano',0,0,'13:35:00','13:50:00',5,0.34),(4,'Colli Albani','Arco di Travertino',0,0,'18:15:00','18:30:00',19,0.77),(4,'Cornelia','Baldo degli Ubaldi',0,0,'12:35:00','12:50:00',2,0.49),(4,'Flaminio','Spagna',0,0,'14:35:00','14:50:00',8,0.85),(4,'Furio Camillo','Colli Albani',0,0,'17:55:00','18:10:00',18,0.69),(4,'Giulio Agricola','Subaugusta',0,0,'19:55:00','20:10:00',24,0.67),(4,'Lepanto','Flaminio',0,0,'14:15:00','14:30:00',7,0.56),(4,'Lucio Sestio','Giulio Agricola',0,0,'19:35:00','19:50:00',23,0.43),(4,'Manzoni','San Giovanni',0,0,'16:35:00','16:50:00',14,0.82),(4,'Numidio Quadrato','Lucio Sestio',0,0,'19:15:00','19:30:00',22,0.91),(4,'Ottaviano','Lepanto',0,0,'13:55:00','14:10:00',6,0.82),(4,'Ponte Lungo','Furio Camillo',0,0,'17:35:00','17:50:00',17,0.81),(4,'Porta Furba','Numidio Quadrato',0,0,'18:55:00','19:10:00',21,0.54),(4,'Re di Roma','Ponte Lungo',0,0,'17:15:00','17:30:00',16,0.78),(4,'Repubblica','Termini',0,0,'15:35:00','15:50:00',11,0.66),(4,'San Giovanni','Re di Roma',0,0,'16:55:00','17:10:00',15,0.7),(4,'Spagna','Barberini',0,0,'14:55:00','15:10:00',9,0.81),(4,'Subaugusta','Cinecittà',0,0,'20:15:00','20:30:00',25,0.32),(4,'Termini','Vittorio Emanuele',0,0,'15:55:00','16:10:00',12,0.74),(4,'Valle Aurelia','Cipro',0,0,'13:15:00','13:30:00',4,0.71),(4,'Vittorio Emanuele','Manzoni',0,0,'16:15:00','16:30:00',13,0.3),(5,'Arco di Travertino','Porta Furba',0,0,'20:50:00','21:05:00',20,0.77),(5,'Baldo degli Ubaldi','Valle Aurelia',0,0,'15:10:00','15:25:00',3,0.49),(5,'Barberini','Repubblica',0,0,'17:30:00','17:45:00',10,0.52),(5,'Battistini','Cornelia',1,0,'14:30:00','14:45:00',1,0.33),(5,'Cinecittà','Anagnina',0,1,'22:50:00','23:05:00',26,0.82),(5,'Cipro','Ottaviano',0,0,'15:50:00','16:05:00',5,0.34),(5,'Colli Albani','Arco di Travertino',0,0,'20:30:00','20:45:00',19,0.77),(5,'Cornelia','Baldo degli Ubaldi',0,0,'14:50:00','15:05:00',2,0.49),(5,'Flaminio','Spagna',0,0,'16:50:00','17:05:00',8,0.85),(5,'Furio Camillo','Colli Albani',0,0,'20:10:00','20:25:00',18,0.69),(5,'Giulio Agricola','Subaugusta',0,0,'22:10:00','22:25:00',24,0.67),(5,'Lepanto','Flaminio',0,0,'16:30:00','16:45:00',7,0.56),(5,'Lucio Sestio','Giulio Agricola',0,0,'21:50:00','22:05:00',23,0.43),(5,'Manzoni','San Giovanni',0,0,'18:50:00','19:05:00',14,0.82),(5,'Numidio Quadrato','Lucio Sestio',0,0,'21:30:00','21:45:00',22,0.91),(5,'Ottaviano','Lepanto',0,0,'16:10:00','16:25:00',6,0.82),(5,'Ponte Lungo','Furio Camillo',0,0,'19:50:00','20:05:00',17,0.81),(5,'Porta Furba','Numidio Quadrato',0,0,'21:10:00','21:25:00',21,0.54),(5,'Re di Roma','Ponte Lungo',0,0,'19:30:00','19:45:00',16,0.78),(5,'Repubblica','Termini',0,0,'17:50:00','18:05:00',11,0.66),(5,'San Giovanni','Re di Roma',0,0,'19:10:00','19:25:00',15,0.7),(5,'Spagna','Barberini',0,0,'17:10:00','17:25:00',9,0.81),(5,'Subaugusta','Cinecittà',0,0,'22:30:00','22:45:00',25,0.32),(5,'Termini','Vittorio Emanuele',0,0,'18:10:00','18:25:00',12,0.74),(5,'Valle Aurelia','Cipro',0,0,'15:30:00','15:45:00',4,0.71),(5,'Vittorio Emanuele','Manzoni',0,0,'18:30:00','18:45:00',13,0.3),(6,'Arco di Travertino','Porta Furba',0,0,'23:05:00','23:20:00',20,0.77),(6,'Baldo degli Ubaldi','Valle Aurelia',0,0,'17:25:00','17:40:00',3,0.49),(6,'Barberini','Repubblica',0,0,'19:45:00','20:00:00',10,0.52),(6,'Battistini','Cornelia',1,0,'16:45:00','17:00:00',1,0.33),(6,'Cinecittà','Anagnina',0,1,'01:05:00','01:20:00',26,0.82),(6,'Cipro','Ottaviano',0,0,'18:05:00','18:20:00',5,0.34),(6,'Colli Albani','Arco di Travertino',0,0,'22:45:00','23:00:00',19,0.77),(6,'Cornelia','Baldo degli Ubaldi',0,0,'17:05:00','17:20:00',2,0.49),(6,'Flaminio','Spagna',0,0,'19:05:00','19:20:00',8,0.85),(6,'Furio Camillo','Colli Albani',0,0,'22:25:00','22:40:00',18,0.69),(6,'Giulio Agricola','Subaugusta',0,0,'00:25:00','00:40:00',24,0.67),(6,'Lepanto','Flaminio',0,0,'18:45:00','19:00:00',7,0.56),(6,'Lucio Sestio','Giulio Agricola',0,0,'00:05:00','00:20:00',23,0.43),(6,'Manzoni','San Giovanni',0,0,'21:05:00','21:20:00',14,0.82),(6,'Numidio Quadrato','Lucio Sestio',0,0,'23:45:00','00:00:00',22,0.91),(6,'Ottaviano','Lepanto',0,0,'18:25:00','18:40:00',6,0.82),(6,'Ponte Lungo','Furio Camillo',0,0,'22:05:00','22:20:00',17,0.81),(6,'Porta Furba','Numidio Quadrato',0,0,'23:25:00','23:40:00',21,0.54),(6,'Re di Roma','Ponte Lungo',0,0,'21:45:00','22:00:00',16,0.78),(6,'Repubblica','Termini',0,0,'20:05:00','20:20:00',11,0.66),(6,'San Giovanni','Re di Roma',0,0,'21:25:00','21:40:00',15,0.7),(6,'Spagna','Barberini',0,0,'19:25:00','19:40:00',9,0.81),(6,'Subaugusta','Cinecittà',0,0,'00:45:00','01:00:00',25,0.32),(6,'Termini','Vittorio Emanuele',0,0,'20:25:00','20:40:00',12,0.74),(6,'Valle Aurelia','Cipro',0,0,'17:45:00','18:00:00',4,0.71),(6,'Vittorio Emanuele','Manzoni',0,0,'20:45:00','21:00:00',13,0.3),(7,'Arco di Travertino','Porta Furba',0,0,'01:20:00','01:35:00',20,0.77),(7,'Baldo degli Ubaldi','Valle Aurelia',0,0,'19:40:00','19:55:00',3,0.49),(7,'Barberini','Repubblica',0,0,'22:00:00','22:15:00',10,0.52),(7,'Battistini','Cornelia',1,0,'19:00:00','19:15:00',1,0.33),(7,'Cinecittà','Anagnina',0,1,'03:20:00','03:35:00',26,0.82),(7,'Cipro','Ottaviano',0,0,'20:20:00','20:35:00',5,0.34),(7,'Colli Albani','Arco di Travertino',0,0,'01:00:00','01:15:00',19,0.77),(7,'Cornelia','Baldo degli Ubaldi',0,0,'19:20:00','19:35:00',2,0.49),(7,'Flaminio','Spagna',0,0,'21:20:00','21:35:00',8,0.85),(7,'Furio Camillo','Colli Albani',0,0,'00:40:00','00:55:00',18,0.69),(7,'Giulio Agricola','Subaugusta',0,0,'02:40:00','02:55:00',24,0.67),(7,'Lepanto','Flaminio',0,0,'21:00:00','21:15:00',7,0.56),(7,'Lucio Sestio','Giulio Agricola',0,0,'02:20:00','02:35:00',23,0.43),(7,'Manzoni','San Giovanni',0,0,'23:20:00','23:35:00',14,0.82),(7,'Numidio Quadrato','Lucio Sestio',0,0,'02:00:00','02:15:00',22,0.91),(7,'Ottaviano','Lepanto',0,0,'20:40:00','20:55:00',6,0.82),(7,'Ponte Lungo','Furio Camillo',0,0,'00:20:00','00:35:00',17,0.81),(7,'Porta Furba','Numidio Quadrato',0,0,'01:40:00','01:55:00',21,0.54),(7,'Re di Roma','Ponte Lungo',0,0,'00:00:00','00:15:00',16,0.78),(7,'Repubblica','Termini',0,0,'22:20:00','22:35:00',11,0.66),(7,'San Giovanni','Re di Roma',0,0,'23:40:00','23:55:00',15,0.7),(7,'Spagna','Barberini',0,0,'21:40:00','21:55:00',9,0.81),(7,'Subaugusta','Cinecittà',0,0,'03:00:00','03:15:00',25,0.32),(7,'Termini','Vittorio Emanuele',0,0,'22:40:00','22:55:00',12,0.74),(7,'Valle Aurelia','Cipro',0,0,'20:00:00','20:15:00',4,0.71),(7,'Vittorio Emanuele','Manzoni',0,0,'23:00:00','23:15:00',13,0.3),(8,'Arco di Travertino','Porta Furba',0,0,'03:35:00','03:50:00',20,0.77),(8,'Baldo degli Ubaldi','Valle Aurelia',0,0,'21:55:00','22:10:00',3,0.49),(8,'Barberini','Repubblica',0,0,'00:15:00','00:30:00',10,0.52),(8,'Battistini','Cornelia',1,0,'21:15:00','21:30:00',1,0.33),(8,'Cinecittà','Anagnina',0,1,'05:35:00','05:50:00',26,0.82),(8,'Cipro','Ottaviano',0,0,'22:35:00','22:50:00',5,0.34),(8,'Colli Albani','Arco di Travertino',0,0,'03:15:00','03:30:00',19,0.77),(8,'Cornelia','Baldo degli Ubaldi',0,0,'21:35:00','21:50:00',2,0.49),(8,'Flaminio','Spagna',0,0,'23:35:00','23:50:00',8,0.85),(8,'Furio Camillo','Colli Albani',0,0,'02:55:00','03:10:00',18,0.69),(8,'Giulio Agricola','Subaugusta',0,0,'04:55:00','05:10:00',24,0.67),(8,'Lepanto','Flaminio',0,0,'23:15:00','23:30:00',7,0.56),(8,'Lucio Sestio','Giulio Agricola',0,0,'04:35:00','04:50:00',23,0.43),(8,'Manzoni','San Giovanni',0,0,'01:35:00','01:50:00',14,0.82),(8,'Numidio Quadrato','Lucio Sestio',0,0,'04:15:00','04:30:00',22,0.91),(8,'Ottaviano','Lepanto',0,0,'22:55:00','23:10:00',6,0.82),(8,'Ponte Lungo','Furio Camillo',0,0,'02:35:00','02:50:00',17,0.81),(8,'Porta Furba','Numidio Quadrato',0,0,'03:55:00','04:10:00',21,0.54),(8,'Re di Roma','Ponte Lungo',0,0,'02:15:00','02:30:00',16,0.78),(8,'Repubblica','Termini',0,0,'00:35:00','00:50:00',11,0.66),(8,'San Giovanni','Re di Roma',0,0,'01:55:00','02:10:00',15,0.7),(8,'Spagna','Barberini',0,0,'23:55:00','00:10:00',9,0.81),(8,'Subaugusta','Cinecittà',0,0,'05:15:00','05:30:00',25,0.32),(8,'Termini','Vittorio Emanuele',0,0,'00:55:00','01:10:00',12,0.74),(8,'Valle Aurelia','Cipro',0,0,'22:15:00','22:30:00',4,0.71),(8,'Vittorio Emanuele','Manzoni',0,0,'01:15:00','01:30:00',13,0.3),(9,'Arco di Travertino','Porta Furba',0,0,'05:50:00','06:05:00',20,0.77),(9,'Baldo degli Ubaldi','Valle Aurelia',0,0,'00:10:00','00:25:00',3,0.49),(9,'Barberini','Repubblica',0,0,'02:30:00','02:45:00',10,0.52),(9,'Battistini','Cornelia',1,0,'23:30:00','23:45:00',1,0.33),(9,'Cinecittà','Anagnina',0,1,'07:50:00','08:05:00',26,0.82),(9,'Cipro','Ottaviano',0,0,'00:50:00','01:05:00',5,0.34),(9,'Colli Albani','Arco di Travertino',0,0,'05:30:00','05:45:00',19,0.77),(9,'Cornelia','Baldo degli Ubaldi',0,0,'23:50:00','00:05:00',2,0.49),(9,'Flaminio','Spagna',0,0,'01:50:00','02:05:00',8,0.85),(9,'Furio Camillo','Colli Albani',0,0,'05:10:00','05:25:00',18,0.69),(9,'Giulio Agricola','Subaugusta',0,0,'07:10:00','07:25:00',24,0.67),(9,'Lepanto','Flaminio',0,0,'01:30:00','01:45:00',7,0.56),(9,'Lucio Sestio','Giulio Agricola',0,0,'06:50:00','07:05:00',23,0.43),(9,'Manzoni','San Giovanni',0,0,'03:50:00','04:05:00',14,0.82),(9,'Numidio Quadrato','Lucio Sestio',0,0,'06:30:00','06:45:00',22,0.91),(9,'Ottaviano','Lepanto',0,0,'01:10:00','01:25:00',6,0.82),(9,'Ponte Lungo','Furio Camillo',0,0,'04:50:00','05:05:00',17,0.81),(9,'Porta Furba','Numidio Quadrato',0,0,'06:10:00','06:25:00',21,0.54),(9,'Re di Roma','Ponte Lungo',0,0,'04:30:00','04:45:00',16,0.78),(9,'Repubblica','Termini',0,0,'02:50:00','03:05:00',11,0.66),(9,'San Giovanni','Re di Roma',0,0,'04:10:00','04:25:00',15,0.7),(9,'Spagna','Barberini',0,0,'02:10:00','02:25:00',9,0.81),(9,'Subaugusta','Cinecittà',0,0,'07:30:00','07:45:00',25,0.32),(9,'Termini','Vittorio Emanuele',0,0,'03:10:00','03:25:00',12,0.74),(9,'Valle Aurelia','Cipro',0,0,'00:30:00','00:45:00',4,0.71),(9,'Vittorio Emanuele','Manzoni',0,0,'03:30:00','03:45:00',13,0.3),(10,'Arco di Travertino','Porta Furba',0,0,'08:05:00','08:20:00',20,0.77),(10,'Baldo degli Ubaldi','Valle Aurelia',0,0,'02:25:00','02:40:00',3,0.49),(10,'Barberini','Repubblica',0,0,'04:45:00','05:00:00',10,0.52),(10,'Battistini','Cornelia',1,0,'01:45:00','02:00:00',1,0.33),(10,'Cinecittà','Anagnina',0,1,'10:05:00','10:20:00',26,0.82),(10,'Cipro','Ottaviano',0,0,'03:05:00','03:20:00',5,0.34),(10,'Colli Albani','Arco di Travertino',0,0,'07:45:00','08:00:00',19,0.77),(10,'Cornelia','Baldo degli Ubaldi',0,0,'02:05:00','02:20:00',2,0.49),(10,'Flaminio','Spagna',0,0,'04:05:00','04:20:00',8,0.85),(10,'Furio Camillo','Colli Albani',0,0,'07:25:00','07:40:00',18,0.69),(10,'Giulio Agricola','Subaugusta',0,0,'09:25:00','09:40:00',24,0.67),(10,'Lepanto','Flaminio',0,0,'03:45:00','04:00:00',7,0.56),(10,'Lucio Sestio','Giulio Agricola',0,0,'09:05:00','09:20:00',23,0.43),(10,'Manzoni','San Giovanni',0,0,'06:05:00','06:20:00',14,0.82),(10,'Numidio Quadrato','Lucio Sestio',0,0,'08:45:00','09:00:00',22,0.91),(10,'Ottaviano','Lepanto',0,0,'03:25:00','03:40:00',6,0.82),(10,'Ponte Lungo','Furio Camillo',0,0,'07:05:00','07:20:00',17,0.81),(10,'Porta Furba','Numidio Quadrato',0,0,'08:25:00','08:40:00',21,0.54),(10,'Re di Roma','Ponte Lungo',0,0,'06:45:00','07:00:00',16,0.78),(10,'Repubblica','Termini',0,0,'05:05:00','05:20:00',11,0.66),(10,'San Giovanni','Re di Roma',0,0,'06:25:00','06:40:00',15,0.7),(10,'Spagna','Barberini',0,0,'04:25:00','04:40:00',9,0.81),(10,'Subaugusta','Cinecittà',0,0,'09:45:00','10:00:00',25,0.32),(10,'Termini','Vittorio Emanuele',0,0,'05:25:00','05:40:00',12,0.74),(10,'Valle Aurelia','Cipro',0,0,'02:45:00','03:00:00',4,0.71),(10,'Vittorio Emanuele','Manzoni',0,0,'05:45:00','06:00:00',13,0.3),(11,'Arco di Travertino','Porta Furba',0,0,'10:20:00','10:35:00',20,0.77),(11,'Baldo degli Ubaldi','Valle Aurelia',0,0,'04:40:00','04:55:00',3,0.49),(11,'Barberini','Repubblica',0,0,'07:00:00','07:15:00',10,0.52),(11,'Battistini','Cornelia',1,0,'04:00:00','04:15:00',1,0.33),(11,'Cinecittà','Anagnina',0,1,'12:20:00','12:35:00',26,0.82),(11,'Cipro','Ottaviano',0,0,'05:20:00','05:35:00',5,0.34),(11,'Colli Albani','Arco di Travertino',0,0,'10:00:00','10:15:00',19,0.77),(11,'Cornelia','Baldo degli Ubaldi',0,0,'04:20:00','04:35:00',2,0.49),(11,'Flaminio','Spagna',0,0,'06:20:00','06:35:00',8,0.85),(11,'Furio Camillo','Colli Albani',0,0,'09:40:00','09:55:00',18,0.69),(11,'Giulio Agricola','Subaugusta',0,0,'11:40:00','11:55:00',24,0.67),(11,'Lepanto','Flaminio',0,0,'06:00:00','06:15:00',7,0.56),(11,'Lucio Sestio','Giulio Agricola',0,0,'11:20:00','11:35:00',23,0.43),(11,'Manzoni','San Giovanni',0,0,'08:20:00','08:35:00',14,0.82),(11,'Numidio Quadrato','Lucio Sestio',0,0,'11:00:00','11:15:00',22,0.91),(11,'Ottaviano','Lepanto',0,0,'05:40:00','05:55:00',6,0.82),(11,'Ponte Lungo','Furio Camillo',0,0,'09:20:00','09:35:00',17,0.81),(11,'Porta Furba','Numidio Quadrato',0,0,'10:40:00','10:55:00',21,0.54),(11,'Re di Roma','Ponte Lungo',0,0,'09:00:00','09:15:00',16,0.78),(11,'Repubblica','Termini',0,0,'07:20:00','07:35:00',11,0.66),(11,'San Giovanni','Re di Roma',0,0,'08:40:00','08:55:00',15,0.7),(11,'Spagna','Barberini',0,0,'06:40:00','06:55:00',9,0.81),(11,'Subaugusta','Cinecittà',0,0,'12:00:00','12:15:00',25,0.32),(11,'Termini','Vittorio Emanuele',0,0,'07:40:00','07:55:00',12,0.74),(11,'Valle Aurelia','Cipro',0,0,'05:00:00','05:15:00',4,0.71),(11,'Vittorio Emanuele','Manzoni',0,0,'08:00:00','08:15:00',13,0.3),(12,'Basilica S. Paolo','Garbatella',0,0,'07:10:00','07:25:00',6,0.4),(12,'Bologna','Tiburtina',0,0,'10:10:00','10:25:00',15,0.75),(12,'Castro Pretorio','Policlinico',0,0,'09:30:00','09:45:00',13,0.5),(12,'Cavour','Termini',0,0,'08:50:00','09:05:00',11,0.89),(12,'Circo Massimo','Colosseo',0,0,'08:10:00','08:25:00',9,0.49),(12,'Colosseo','Cavour',0,0,'08:30:00','08:45:00',10,0.97),(12,'EUR Fermi','EUR Palasport',0,0,'05:50:00','06:05:00',2,0.91),(12,'EUR Magliana','Marconi',0,0,'06:30:00','06:45:00',4,0.49),(12,'EUR Palasport','EUR Magliana',0,0,'06:10:00','06:25:00',3,0.54),(12,'Garbatella','Piramide',0,0,'07:30:00','07:45:00',7,0.77),(12,'Laurentina','EUR Fermi',1,0,'05:30:00','05:45:00',1,0.75),(12,'Marconi','Basilica S. Paolo',0,0,'06:50:00','07:05:00',5,0.57),(12,'Monti Tiburtini','Pietralata',0,0,'11:10:00','11:25:00',18,0.56),(12,'Pietralata','Santa Maria del Soccorso',0,0,'11:30:00','11:45:00',19,0.91),(12,'Piramide','Circo Massimo',0,0,'07:50:00','08:05:00',8,0.91),(12,'Policlinico','Bologna',0,0,'09:50:00','10:05:00',14,0.65),(12,'Ponte Mammolo','Rebibbia',0,1,'12:10:00','12:25:00',21,0.35),(12,'Quinitiliani','Monti Tiburtini',0,0,'10:50:00','11:05:00',17,0.8),(12,'Santa Maria del Soccorso','Ponte Mammolo',0,0,'11:50:00','12:05:00',20,0.37),(12,'Termini','Castro Pretorio',0,0,'09:10:00','09:25:00',12,0.53),(12,'Tiburtina','Quinitiliani',0,0,'10:30:00','10:45:00',16,0.81),(13,'Basilica S. Paolo','Garbatella',0,0,'09:25:00','09:40:00',6,0.4),(13,'Bologna','Tiburtina',0,0,'12:25:00','12:40:00',15,0.75),(13,'Castro Pretorio','Policlinico',0,0,'11:45:00','12:00:00',13,0.5),(13,'Cavour','Termini',0,0,'11:05:00','11:20:00',11,0.89),(13,'Circo Massimo','Colosseo',0,0,'10:25:00','10:40:00',9,0.49),(13,'Colosseo','Cavour',0,0,'10:45:00','11:00:00',10,0.97),(13,'EUR Fermi','EUR Palasport',0,0,'08:05:00','08:20:00',2,0.91),(13,'EUR Magliana','Marconi',0,0,'08:45:00','09:00:00',4,0.49),(13,'EUR Palasport','EUR Magliana',0,0,'08:25:00','08:40:00',3,0.54),(13,'Garbatella','Piramide',0,0,'09:45:00','10:00:00',7,0.77),(13,'Laurentina','EUR Fermi',1,0,'07:45:00','08:00:00',1,0.75),(13,'Marconi','Basilica S. Paolo',0,0,'09:05:00','09:20:00',5,0.57),(13,'Monti Tiburtini','Pietralata',0,0,'13:25:00','13:40:00',18,0.56),(13,'Pietralata','Santa Maria del Soccorso',0,0,'13:45:00','14:00:00',19,0.91),(13,'Piramide','Circo Massimo',0,0,'10:05:00','10:20:00',8,0.91),(13,'Policlinico','Bologna',0,0,'12:05:00','12:20:00',14,0.65),(13,'Ponte Mammolo','Rebibbia',0,1,'14:25:00','14:40:00',21,0.35),(13,'Quinitiliani','Monti Tiburtini',0,0,'13:05:00','13:20:00',17,0.8),(13,'Santa Maria del Soccorso','Ponte Mammolo',0,0,'14:05:00','14:20:00',20,0.37),(13,'Termini','Castro Pretorio',0,0,'11:25:00','11:40:00',12,0.53),(13,'Tiburtina','Quinitiliani',0,0,'12:45:00','13:00:00',16,0.81),(14,'Basilica S. Paolo','Garbatella',0,0,'11:40:00','11:55:00',6,0.4),(14,'Bologna','Tiburtina',0,0,'14:40:00','14:55:00',15,0.75),(14,'Castro Pretorio','Policlinico',0,0,'14:00:00','14:15:00',13,0.5),(14,'Cavour','Termini',0,0,'13:20:00','13:35:00',11,0.89),(14,'Circo Massimo','Colosseo',0,0,'12:40:00','12:55:00',9,0.49),(14,'Colosseo','Cavour',0,0,'13:00:00','13:15:00',10,0.97),(14,'EUR Fermi','EUR Palasport',0,0,'10:20:00','10:35:00',2,0.91),(14,'EUR Magliana','Marconi',0,0,'11:00:00','11:15:00',4,0.49),(14,'EUR Palasport','EUR Magliana',0,0,'10:40:00','10:55:00',3,0.54),(14,'Garbatella','Piramide',0,0,'12:00:00','12:15:00',7,0.77),(14,'Laurentina','EUR Fermi',1,0,'10:00:00','10:15:00',1,0.75),(14,'Marconi','Basilica S. Paolo',0,0,'11:20:00','11:35:00',5,0.57),(14,'Monti Tiburtini','Pietralata',0,0,'15:40:00','15:55:00',18,0.56),(14,'Pietralata','Santa Maria del Soccorso',0,0,'16:00:00','16:15:00',19,0.91),(14,'Piramide','Circo Massimo',0,0,'12:20:00','12:35:00',8,100),(14,'Policlinico','Bologna',0,0,'14:20:00','14:35:00',14,0.65),(14,'Ponte Mammolo','Rebibbia',0,1,'16:40:00','16:55:00',21,0.35),(14,'Quinitiliani','Monti Tiburtini',0,0,'15:20:00','15:35:00',17,0.8),(14,'Santa Maria del Soccorso','Ponte Mammolo',0,0,'16:20:00','16:35:00',20,0.37),(14,'Termini','Castro Pretorio',0,0,'13:40:00','13:55:00',12,0.53),(14,'Tiburtina','Quinitiliani',0,0,'15:00:00','15:15:00',16,0.81),(15,'Basilica S. Paolo','Garbatella',0,0,'13:55:00','14:10:00',6,0.4),(15,'Bologna','Tiburtina',0,0,'16:55:00','17:10:00',15,0.75),(15,'Castro Pretorio','Policlinico',0,0,'16:15:00','16:30:00',13,0.5),(15,'Cavour','Termini',0,0,'15:35:00','15:50:00',11,0.89),(15,'Circo Massimo','Colosseo',0,0,'14:55:00','15:10:00',9,0.49),(15,'Colosseo','Cavour',0,0,'15:15:00','15:30:00',10,0.97),(15,'EUR Fermi','EUR Palasport',0,0,'12:35:00','12:50:00',2,0.91),(15,'EUR Magliana','Marconi',0,0,'13:15:00','13:30:00',4,0.49),(15,'EUR Palasport','EUR Magliana',0,0,'12:55:00','13:10:00',3,0.54),(15,'Garbatella','Piramide',0,0,'14:15:00','14:30:00',7,0.77),(15,'Laurentina','EUR Fermi',1,0,'12:15:00','12:30:00',1,0.75),(15,'Marconi','Basilica S. Paolo',0,0,'13:35:00','13:50:00',5,0.57),(15,'Monti Tiburtini','Pietralata',0,0,'17:55:00','18:10:00',18,0.56),(15,'Pietralata','Santa Maria del Soccorso',0,0,'18:15:00','18:30:00',19,0.91),(15,'Piramide','Circo Massimo',0,0,'14:35:00','14:50:00',8,0.91),(15,'Policlinico','Bologna',0,0,'16:35:00','16:50:00',14,0.65),(15,'Ponte Mammolo','Rebibbia',0,1,'18:55:00','19:10:00',21,0.35),(15,'Quinitiliani','Monti Tiburtini',0,0,'17:35:00','17:50:00',17,0.8),(15,'Santa Maria del Soccorso','Ponte Mammolo',0,0,'18:35:00','18:50:00',20,0.37),(15,'Termini','Castro Pretorio',0,0,'15:55:00','16:10:00',12,0.53),(15,'Tiburtina','Quinitiliani',0,0,'17:15:00','17:30:00',16,0.81),(16,'Basilica S. Paolo','Garbatella',0,0,'16:10:00','16:25:00',6,0.4),(16,'Bologna','Tiburtina',0,0,'19:10:00','19:25:00',15,0.75),(16,'Castro Pretorio','Policlinico',0,0,'18:30:00','18:45:00',13,0.5),(16,'Cavour','Termini',0,0,'17:50:00','18:05:00',11,0.89),(16,'Circo Massimo','Colosseo',0,0,'17:10:00','17:25:00',9,0.49),(16,'Colosseo','Cavour',0,0,'17:30:00','17:45:00',10,0.97),(16,'EUR Fermi','EUR Palasport',0,0,'14:50:00','15:05:00',2,0.91),(16,'EUR Magliana','Marconi',0,0,'15:30:00','15:45:00',4,0.49),(16,'EUR Palasport','EUR Magliana',0,0,'15:10:00','15:25:00',3,0.54),(16,'Garbatella','Piramide',0,0,'16:30:00','16:45:00',7,0.77),(16,'Laurentina','EUR Fermi',1,0,'14:30:00','14:45:00',1,0.75),(16,'Marconi','Basilica S. Paolo',0,0,'15:50:00','16:05:00',5,0.57),(16,'Monti Tiburtini','Pietralata',0,0,'20:10:00','20:25:00',18,0.56),(16,'Pietralata','Santa Maria del Soccorso',0,0,'20:30:00','20:45:00',19,0.91),(16,'Piramide','Circo Massimo',0,0,'16:50:00','17:05:00',8,0.91),(16,'Policlinico','Bologna',0,0,'18:50:00','19:05:00',14,0.65),(16,'Ponte Mammolo','Rebibbia',0,1,'21:10:00','21:25:00',21,0.35),(16,'Quinitiliani','Monti Tiburtini',0,0,'19:50:00','20:05:00',17,0.8),(16,'Santa Maria del Soccorso','Ponte Mammolo',0,0,'20:50:00','21:05:00',20,0.37),(16,'Termini','Castro Pretorio',0,0,'18:10:00','18:25:00',12,0.53),(16,'Tiburtina','Quinitiliani',0,0,'19:30:00','19:45:00',16,0.81),(17,'Basilica S. Paolo','Garbatella',0,0,'18:25:00','18:40:00',6,0.4),(17,'Bologna','Tiburtina',0,0,'21:25:00','21:40:00',15,0.75),(17,'Castro Pretorio','Policlinico',0,0,'20:45:00','21:00:00',13,0.5),(17,'Cavour','Termini',0,0,'20:05:00','20:20:00',11,0.89),(17,'Circo Massimo','Colosseo',0,0,'19:25:00','19:40:00',9,0.49),(17,'Colosseo','Cavour',0,0,'19:45:00','20:00:00',10,0.97),(17,'EUR Fermi','EUR Palasport',0,0,'17:05:00','17:20:00',2,0.91),(17,'EUR Magliana','Marconi',0,0,'17:45:00','18:00:00',4,0.49),(17,'EUR Palasport','EUR Magliana',0,0,'17:25:00','17:40:00',3,0.54),(17,'Garbatella','Piramide',0,0,'18:45:00','19:00:00',7,0.77),(17,'Laurentina','EUR Fermi',1,0,'16:45:00','17:00:00',1,0.75),(17,'Marconi','Basilica S. Paolo',0,0,'18:05:00','18:20:00',5,0.57),(17,'Monti Tiburtini','Pietralata',0,0,'22:25:00','22:40:00',18,0.56),(17,'Pietralata','Santa Maria del Soccorso',0,0,'22:45:00','23:00:00',19,0.91),(17,'Piramide','Circo Massimo',0,0,'19:05:00','19:20:00',8,0.91),(17,'Policlinico','Bologna',0,0,'21:05:00','21:20:00',14,0.65),(17,'Ponte Mammolo','Rebibbia',0,1,'23:25:00','23:40:00',21,0.35),(17,'Quinitiliani','Monti Tiburtini',0,0,'22:05:00','22:20:00',17,0.8),(17,'Santa Maria del Soccorso','Ponte Mammolo',0,0,'23:05:00','23:20:00',20,0.37),(17,'Termini','Castro Pretorio',0,0,'20:25:00','20:40:00',12,0.53),(17,'Tiburtina','Quinitiliani',0,0,'21:45:00','22:00:00',16,0.81),(18,'Basilica S. Paolo','Garbatella',0,0,'20:40:00','20:55:00',6,0.4),(18,'Bologna','Tiburtina',0,0,'23:40:00','23:55:00',15,0.75),(18,'Castro Pretorio','Policlinico',0,0,'23:00:00','23:15:00',13,0.5),(18,'Cavour','Termini',0,0,'22:20:00','22:35:00',11,0.89),(18,'Circo Massimo','Colosseo',0,0,'21:40:00','21:55:00',9,0.49),(18,'Colosseo','Cavour',0,0,'22:00:00','22:15:00',10,0.97),(18,'EUR Fermi','EUR Palasport',0,0,'19:20:00','19:35:00',2,0.91),(18,'EUR Magliana','Marconi',0,0,'20:00:00','20:15:00',4,0.49),(18,'EUR Palasport','EUR Magliana',0,0,'19:40:00','19:55:00',3,0.54),(18,'Garbatella','Piramide',0,0,'21:00:00','21:15:00',7,0.77),(18,'Laurentina','EUR Fermi',1,0,'19:00:00','19:15:00',1,0.75),(18,'Marconi','Basilica S. Paolo',0,0,'20:20:00','20:35:00',5,0.57),(18,'Monti Tiburtini','Pietralata',0,0,'00:40:00','00:55:00',18,0.56),(18,'Pietralata','Santa Maria del Soccorso',0,0,'01:00:00','01:15:00',19,0.91),(18,'Piramide','Circo Massimo',0,0,'21:20:00','21:35:00',8,0.91),(18,'Policlinico','Bologna',0,0,'23:20:00','23:35:00',14,0.65),(18,'Ponte Mammolo','Rebibbia',0,1,'01:40:00','01:55:00',21,0.35),(18,'Quinitiliani','Monti Tiburtini',0,0,'00:20:00','00:35:00',17,0.8),(18,'Santa Maria del Soccorso','Ponte Mammolo',0,0,'01:20:00','01:35:00',20,0.37),(18,'Termini','Castro Pretorio',0,0,'22:40:00','22:55:00',12,0.53),(18,'Tiburtina','Quinitiliani',0,0,'00:00:00','00:15:00',16,0.81),(19,'Basilica S. Paolo','Garbatella',0,0,'22:55:00','23:10:00',6,0.4),(19,'Bologna','Tiburtina',0,0,'01:55:00','02:10:00',15,0.75),(19,'Castro Pretorio','Policlinico',0,0,'01:15:00','01:30:00',13,0.5),(19,'Cavour','Termini',0,0,'00:35:00','00:50:00',11,0.89),(19,'Circo Massimo','Colosseo',0,0,'23:55:00','00:10:00',9,0.49),(19,'Colosseo','Cavour',0,0,'00:15:00','00:30:00',10,0.97),(19,'EUR Fermi','EUR Palasport',0,0,'21:35:00','21:50:00',2,0.91),(19,'EUR Magliana','Marconi',0,0,'22:15:00','22:30:00',4,0.49),(19,'EUR Palasport','EUR Magliana',0,0,'21:55:00','22:10:00',3,0.54),(19,'Garbatella','Piramide',0,0,'23:15:00','23:30:00',7,0.77),(19,'Laurentina','EUR Fermi',1,0,'21:15:00','21:30:00',1,0.75),(19,'Marconi','Basilica S. Paolo',0,0,'22:35:00','22:50:00',5,0.57),(19,'Monti Tiburtini','Pietralata',0,0,'02:55:00','03:10:00',18,0.56),(19,'Pietralata','Santa Maria del Soccorso',0,0,'03:15:00','03:30:00',19,0.91),(19,'Piramide','Circo Massimo',0,0,'23:35:00','23:50:00',8,0.91),(19,'Policlinico','Bologna',0,0,'01:35:00','01:50:00',14,0.65),(19,'Ponte Mammolo','Rebibbia',0,1,'03:55:00','04:10:00',21,0.35),(19,'Quinitiliani','Monti Tiburtini',0,0,'02:35:00','02:50:00',17,0.8),(19,'Santa Maria del Soccorso','Ponte Mammolo',0,0,'03:35:00','03:50:00',20,0.37),(19,'Termini','Castro Pretorio',0,0,'00:55:00','01:10:00',12,0.53),(19,'Tiburtina','Quinitiliani',0,0,'02:15:00','02:30:00',16,0.81),(20,'Basilica S. Paolo','Garbatella',0,0,'01:10:00','01:25:00',6,0.4),(20,'Bologna','Tiburtina',0,0,'04:10:00','04:25:00',15,0.75),(20,'Castro Pretorio','Policlinico',0,0,'03:30:00','03:45:00',13,0.5),(20,'Cavour','Termini',0,0,'02:50:00','03:05:00',11,0.89),(20,'Circo Massimo','Colosseo',0,0,'02:10:00','02:25:00',9,0.49),(20,'Colosseo','Cavour',0,0,'02:30:00','02:45:00',10,0.97),(20,'EUR Fermi','EUR Palasport',0,0,'23:50:00','00:05:00',2,0.91),(20,'EUR Magliana','Marconi',0,0,'00:30:00','00:45:00',4,0.49),(20,'EUR Palasport','EUR Magliana',0,0,'00:10:00','00:25:00',3,0.54),(20,'Garbatella','Piramide',0,0,'01:30:00','01:45:00',7,0.77),(20,'Laurentina','EUR Fermi',1,0,'23:30:00','23:45:00',1,0.75),(20,'Marconi','Basilica S. Paolo',0,0,'00:50:00','01:05:00',5,0.57),(20,'Monti Tiburtini','Pietralata',0,0,'05:10:00','05:25:00',18,0.56),(20,'Pietralata','Santa Maria del Soccorso',0,0,'05:30:00','05:45:00',19,0.91),(20,'Piramide','Circo Massimo',0,0,'01:50:00','02:05:00',8,0.91),(20,'Policlinico','Bologna',0,0,'03:50:00','04:05:00',14,0.65),(20,'Ponte Mammolo','Rebibbia',0,1,'06:10:00','06:25:00',21,0.35),(20,'Quinitiliani','Monti Tiburtini',0,0,'04:50:00','05:05:00',17,0.8),(20,'Santa Maria del Soccorso','Ponte Mammolo',0,0,'05:50:00','06:05:00',20,0.37),(20,'Termini','Castro Pretorio',0,0,'03:10:00','03:25:00',12,0.53),(20,'Tiburtina','Quinitiliani',0,0,'04:30:00','04:45:00',16,0.81),(21,'Basilica S. Paolo','Garbatella',0,0,'03:25:00','03:40:00',6,0.4),(21,'Bologna','Tiburtina',0,0,'06:25:00','06:40:00',15,0.75),(21,'Castro Pretorio','Policlinico',0,0,'05:45:00','06:00:00',13,0.5),(21,'Cavour','Termini',0,0,'05:05:00','05:20:00',11,0.89),(21,'Circo Massimo','Colosseo',0,0,'04:25:00','04:40:00',9,0.49),(21,'Colosseo','Cavour',0,0,'04:45:00','05:00:00',10,0.97),(21,'EUR Fermi','EUR Palasport',0,0,'02:05:00','02:20:00',2,0.91),(21,'EUR Magliana','Marconi',0,0,'02:45:00','03:00:00',4,0.49),(21,'EUR Palasport','EUR Magliana',0,0,'02:25:00','02:40:00',3,0.54),(21,'Garbatella','Piramide',0,0,'03:45:00','04:00:00',7,0.77),(21,'Laurentina','EUR Fermi',1,0,'01:45:00','02:00:00',1,0.75),(21,'Marconi','Basilica S. Paolo',0,0,'03:05:00','03:20:00',5,0.57),(21,'Monti Tiburtini','Pietralata',0,0,'07:25:00','07:40:00',18,0.56),(21,'Pietralata','Santa Maria del Soccorso',0,0,'07:45:00','08:00:00',19,0.91),(21,'Piramide','Circo Massimo',0,0,'04:05:00','04:20:00',8,0.91),(21,'Policlinico','Bologna',0,0,'06:05:00','06:20:00',14,0.65),(21,'Ponte Mammolo','Rebibbia',0,1,'08:25:00','08:40:00',21,0.35),(21,'Quinitiliani','Monti Tiburtini',0,0,'07:05:00','07:20:00',17,0.8),(21,'Santa Maria del Soccorso','Ponte Mammolo',0,0,'08:05:00','08:20:00',20,0.37),(21,'Termini','Castro Pretorio',0,0,'05:25:00','05:40:00',12,0.53),(21,'Tiburtina','Quinitiliani',0,0,'06:45:00','07:00:00',16,0.81),(22,'Basilica S. Paolo','Garbatella',0,0,'05:40:00','05:55:00',6,0.4),(22,'Bologna','Tiburtina',0,0,'08:40:00','08:55:00',15,0.75),(22,'Castro Pretorio','Policlinico',0,0,'08:00:00','08:15:00',13,0.5),(22,'Cavour','Termini',0,0,'07:20:00','07:35:00',11,0.89),(22,'Circo Massimo','Colosseo',0,0,'06:40:00','06:55:00',9,0.49),(22,'Colosseo','Cavour',0,0,'07:00:00','07:15:00',10,0.97),(22,'EUR Fermi','EUR Palasport',0,0,'04:20:00','04:35:00',2,0.91),(22,'EUR Magliana','Marconi',0,0,'05:00:00','05:15:00',4,0.49),(22,'EUR Palasport','EUR Magliana',0,0,'04:40:00','04:55:00',3,0.54),(22,'Garbatella','Piramide',0,0,'06:00:00','06:15:00',7,0.77),(22,'Laurentina','EUR Fermi',1,0,'04:00:00','04:15:00',1,0.75),(22,'Marconi','Basilica S. Paolo',0,0,'05:20:00','05:35:00',5,0.57),(22,'Monti Tiburtini','Pietralata',0,0,'09:40:00','09:55:00',18,0.56),(22,'Pietralata','Santa Maria del Soccorso',0,0,'10:00:00','10:15:00',19,0.91),(22,'Piramide','Circo Massimo',0,0,'06:20:00','06:35:00',8,0.91),(22,'Policlinico','Bologna',0,0,'08:20:00','08:35:00',14,0.65),(22,'Ponte Mammolo','Rebibbia',0,1,'10:40:00','10:55:00',21,0.35),(22,'Quinitiliani','Monti Tiburtini',0,0,'09:20:00','09:35:00',17,0.8),(22,'Santa Maria del Soccorso','Ponte Mammolo',0,0,'10:20:00','10:35:00',20,0.37),(22,'Termini','Castro Pretorio',0,0,'07:40:00','07:55:00',12,0.53),(22,'Tiburtina','Quinitiliani',0,0,'09:00:00','09:15:00',16,0.81),(23,'Conca d\'Oro','Jonio',0,1,'06:10:00','06:25:00',3,0.77),(23,'Libia','Conca d\'Oro',0,0,'05:50:00','06:05:00',2,0.75),(23,'Sant\'Agnese/Annibaliano','Libia',1,0,'05:30:00','05:45:00',1,0.41),(24,'Conca d\'Oro','Jonio',0,1,'08:25:00','08:40:00',3,0.77),(24,'Libia','Conca d\'Oro',0,0,'08:05:00','08:20:00',2,0.75),(24,'Sant\'Agnese/Annibaliano','Libia',1,0,'07:45:00','08:00:00',1,0.41),(25,'Conca d\'Oro','Jonio',0,1,'10:40:00','10:55:00',3,0.77),(25,'Libia','Conca d\'Oro',0,0,'10:20:00','10:35:00',2,0.75),(25,'Sant\'Agnese/Annibaliano','Libia',1,0,'10:00:00','10:15:00',1,0.41),(26,'Conca d\'Oro','Jonio',0,1,'12:55:00','13:10:00',3,0.77),(26,'Libia','Conca d\'Oro',0,0,'12:35:00','12:50:00',2,0.75),(26,'Sant\'Agnese/Annibaliano','Libia',1,0,'12:15:00','12:30:00',1,0.41),(27,'Conca d\'Oro','Jonio',0,1,'15:10:00','15:25:00',3,0.77),(27,'Libia','Conca d\'Oro',0,0,'14:50:00','15:05:00',2,0.75),(27,'Sant\'Agnese/Annibaliano','Libia',1,0,'14:30:00','14:45:00',1,0.41),(28,'Conca d\'Oro','Jonio',0,1,'17:25:00','17:40:00',3,0.77),(28,'Libia','Conca d\'Oro',0,0,'17:05:00','17:20:00',2,0.75),(28,'Sant\'Agnese/Annibaliano','Libia',1,0,'16:45:00','17:00:00',1,0.41),(29,'Conca d\'Oro','Jonio',0,1,'19:40:00','19:55:00',3,0.77),(29,'Libia','Conca d\'Oro',0,0,'19:20:00','19:35:00',2,0.75),(29,'Sant\'Agnese/Annibaliano','Libia',1,0,'19:00:00','19:15:00',1,0.41),(30,'Conca d\'Oro','Jonio',0,1,'21:55:00','22:10:00',3,0.77),(30,'Libia','Conca d\'Oro',0,0,'21:35:00','21:50:00',2,0.75),(30,'Sant\'Agnese/Annibaliano','Libia',1,0,'21:15:00','21:30:00',1,0.41),(31,'Conca d\'Oro','Jonio',0,1,'00:10:00','00:25:00',3,0.77),(31,'Libia','Conca d\'Oro',0,0,'23:50:00','00:05:00',2,0.75),(31,'Sant\'Agnese/Annibaliano','Libia',1,0,'23:30:00','23:45:00',1,0.41),(32,'Conca d\'Oro','Jonio',0,1,'02:25:00','02:40:00',3,0.77),(32,'Libia','Conca d\'Oro',0,0,'02:05:00','02:20:00',2,0.75),(32,'Sant\'Agnese/Annibaliano','Libia',1,0,'01:45:00','02:00:00',1,0.41),(33,'Conca d\'Oro','Jonio',0,1,'04:40:00','04:55:00',3,0.77),(33,'Libia','Conca d\'Oro',0,0,'04:20:00','04:35:00',2,0.75),(33,'Sant\'Agnese/Annibaliano','Libia',1,0,'04:00:00','04:15:00',1,0.41),(34,'Alessandrino','Parco di Centocelle',0,0,'10:10:00','10:25:00',17,0.73),(34,'Bolognetta','Borghesiana',0,0,'06:30:00','06:45:00',4,0.55),(34,'Borghesiana','Due Leoni',0,0,'06:50:00','07:05:00',5,0.26),(34,'Due Leoni','Fontana Candida',0,0,'07:10:00','07:25:00',6,0.9),(34,'Finocchio','Bolognetta',0,0,'06:10:00','06:25:00',3,0.5),(34,'Fontana Candida','Grotte Celoni',0,0,'07:30:00','07:45:00',7,0.48),(34,'Gardenie','Teano',0,0,'11:10:00','11:25:00',20,0.42),(34,'Giardinetti','Torre Maura',0,0,'09:10:00','09:25:00',12,0.75),(34,'Graniti','Finocchio',0,0,'05:50:00','06:05:00',2,0.81),(34,'Grotte Celoni','Torre Gaia',0,0,'07:50:00','08:05:00',8,0.94),(34,'Lodi','San Giovanni',0,1,'12:30:00','12:45:00',24,0.8),(34,'Malatesta','Pigneto',0,0,'11:50:00','12:05:00',22,0.65),(34,'Mirti','Gardenie',0,0,'10:50:00','11:05:00',19,0.87),(34,'Monte Compatri-Pantano','Graniti',1,0,'05:30:00','05:45:00',1,0.86),(34,'Parco di Centocelle','Mirti',0,0,'10:30:00','10:45:00',18,0.54),(34,'Pigneto','Lodi',0,0,'12:10:00','12:25:00',23,0.37),(34,'Teano','Malatesta',0,0,'11:30:00','11:45:00',21,0.99),(34,'Torre Angela','Torrenova',0,0,'08:30:00','08:45:00',10,0.76),(34,'Torre Gaia','Torre Angela',0,0,'08:10:00','08:25:00',9,0.77),(34,'Torre Maura','Torre Spaccata',0,0,'09:30:00','09:45:00',13,0.46),(34,'Torre Spaccata','Alessandrino',0,0,'09:50:00','10:05:00',14,0.58),(34,'Torrenova','Giardinetti',0,0,'08:50:00','09:05:00',11,0.51),(35,'Alessandrino','Parco di Centocelle',0,0,'12:25:00','12:40:00',17,0.73),(35,'Bolognetta','Borghesiana',0,0,'08:45:00','09:00:00',4,0.55),(35,'Borghesiana','Due Leoni',0,0,'09:05:00','09:20:00',5,0.26),(35,'Due Leoni','Fontana Candida',0,0,'09:25:00','09:40:00',6,0.9),(35,'Finocchio','Bolognetta',0,0,'08:25:00','08:40:00',3,0.5),(35,'Fontana Candida','Grotte Celoni',0,0,'09:45:00','10:00:00',7,0.48),(35,'Gardenie','Teano',0,0,'13:25:00','13:40:00',20,0.42),(35,'Giardinetti','Torre Maura',0,0,'11:25:00','11:40:00',12,0.75),(35,'Graniti','Finocchio',0,0,'08:05:00','08:20:00',2,0.81),(35,'Grotte Celoni','Torre Gaia',0,0,'10:05:00','10:20:00',8,0.94),(35,'Lodi','San Giovanni',0,1,'14:45:00','15:00:00',24,0.8),(35,'Malatesta','Pigneto',0,0,'14:05:00','14:20:00',22,0.65),(35,'Mirti','Gardenie',0,0,'13:05:00','13:20:00',19,0.87),(35,'Monte Compatri-Pantano','Graniti',1,0,'07:45:00','08:00:00',1,0.86),(35,'Parco di Centocelle','Mirti',0,0,'12:45:00','13:00:00',18,0.54),(35,'Pigneto','Lodi',0,0,'14:25:00','14:40:00',23,0.37),(35,'Teano','Malatesta',0,0,'13:45:00','14:00:00',21,0.99),(35,'Torre Angela','Torrenova',0,0,'10:45:00','11:00:00',10,0.76),(35,'Torre Gaia','Torre Angela',0,0,'10:25:00','10:40:00',9,0.77),(35,'Torre Maura','Torre Spaccata',0,0,'11:45:00','12:00:00',13,0.46),(35,'Torre Spaccata','Alessandrino',0,0,'12:05:00','12:20:00',14,0.58),(35,'Torrenova','Giardinetti',0,0,'11:05:00','11:20:00',11,0.51),(36,'Alessandrino','Parco di Centocelle',0,0,'14:40:00','14:55:00',17,0.73),(36,'Bolognetta','Borghesiana',0,0,'11:00:00','11:15:00',4,0.55),(36,'Borghesiana','Due Leoni',0,0,'11:20:00','11:35:00',5,0.26),(36,'Due Leoni','Fontana Candida',0,0,'11:40:00','11:55:00',6,0.9),(36,'Finocchio','Bolognetta',0,0,'10:40:00','10:55:00',3,0.5),(36,'Fontana Candida','Grotte Celoni',0,0,'12:00:00','12:15:00',7,0.48),(36,'Gardenie','Teano',0,0,'15:40:00','15:55:00',20,0.42),(36,'Giardinetti','Torre Maura',0,0,'13:40:00','13:55:00',12,0.75),(36,'Graniti','Finocchio',0,0,'10:20:00','10:35:00',2,0.81),(36,'Grotte Celoni','Torre Gaia',0,0,'12:20:00','12:35:00',8,0.94),(36,'Lodi','San Giovanni',0,1,'17:00:00','17:15:00',24,0.8),(36,'Malatesta','Pigneto',0,0,'16:20:00','16:35:00',22,0.65),(36,'Mirti','Gardenie',0,0,'15:20:00','15:35:00',19,0.87),(36,'Monte Compatri-Pantano','Graniti',1,0,'10:00:00','10:15:00',1,0.86),(36,'Parco di Centocelle','Mirti',0,0,'15:00:00','15:15:00',18,0.54),(36,'Pigneto','Lodi',0,0,'16:40:00','16:55:00',23,0.37),(36,'Teano','Malatesta',0,0,'16:00:00','16:15:00',21,0.99),(36,'Torre Angela','Torrenova',0,0,'13:00:00','13:15:00',10,0.76),(36,'Torre Gaia','Torre Angela',0,0,'12:40:00','12:55:00',9,0.77),(36,'Torre Maura','Torre Spaccata',0,0,'14:00:00','14:15:00',13,0.46),(36,'Torre Spaccata','Alessandrino',0,0,'14:20:00','14:35:00',14,0.58),(36,'Torrenova','Giardinetti',0,0,'13:20:00','13:35:00',11,0.51),(37,'Alessandrino','Parco di Centocelle',0,0,'16:55:00','17:10:00',17,0.73),(37,'Bolognetta','Borghesiana',0,0,'13:15:00','13:30:00',4,0.55),(37,'Borghesiana','Due Leoni',0,0,'13:35:00','13:50:00',5,0.26),(37,'Due Leoni','Fontana Candida',0,0,'13:55:00','14:10:00',6,0.9),(37,'Finocchio','Bolognetta',0,0,'12:55:00','13:10:00',3,0.5),(37,'Fontana Candida','Grotte Celoni',0,0,'14:15:00','14:30:00',7,0.48),(37,'Gardenie','Teano',0,0,'17:55:00','18:10:00',20,0.42),(37,'Giardinetti','Torre Maura',0,0,'15:55:00','16:10:00',12,0.75),(37,'Graniti','Finocchio',0,0,'12:35:00','12:50:00',2,0.81),(37,'Grotte Celoni','Torre Gaia',0,0,'14:35:00','14:50:00',8,0.94),(37,'Lodi','San Giovanni',0,1,'19:15:00','19:30:00',24,0.8),(37,'Malatesta','Pigneto',0,0,'18:35:00','18:50:00',22,0.65),(37,'Mirti','Gardenie',0,0,'17:35:00','17:50:00',19,0.87),(37,'Monte Compatri-Pantano','Graniti',1,0,'12:15:00','12:30:00',1,0.86),(37,'Parco di Centocelle','Mirti',0,0,'17:15:00','17:30:00',18,0.54),(37,'Pigneto','Lodi',0,0,'18:55:00','19:10:00',23,0.37),(37,'Teano','Malatesta',0,0,'18:15:00','18:30:00',21,0.99),(37,'Torre Angela','Torrenova',0,0,'15:15:00','15:30:00',10,0.76),(37,'Torre Gaia','Torre Angela',0,0,'14:55:00','15:10:00',9,0.77),(37,'Torre Maura','Torre Spaccata',0,0,'16:15:00','16:30:00',13,0.46),(37,'Torre Spaccata','Alessandrino',0,0,'16:35:00','16:50:00',14,0.58),(37,'Torrenova','Giardinetti',0,0,'15:35:00','15:50:00',11,0.51),(38,'Alessandrino','Parco di Centocelle',0,0,'19:10:00','19:25:00',17,0.73),(38,'Bolognetta','Borghesiana',0,0,'15:30:00','15:45:00',4,0.55),(38,'Borghesiana','Due Leoni',0,0,'15:50:00','16:05:00',5,0.26),(38,'Due Leoni','Fontana Candida',0,0,'16:10:00','16:25:00',6,0.9),(38,'Finocchio','Bolognetta',0,0,'15:10:00','15:25:00',3,0.5),(38,'Fontana Candida','Grotte Celoni',0,0,'16:30:00','16:45:00',7,0.48),(38,'Gardenie','Teano',0,0,'20:10:00','20:25:00',20,0.42),(38,'Giardinetti','Torre Maura',0,0,'18:10:00','18:25:00',12,0.75),(38,'Graniti','Finocchio',0,0,'14:50:00','15:05:00',2,0.81),(38,'Grotte Celoni','Torre Gaia',0,0,'16:50:00','17:05:00',8,0.94),(38,'Lodi','San Giovanni',0,1,'21:30:00','21:45:00',24,0.8),(38,'Malatesta','Pigneto',0,0,'20:50:00','21:05:00',22,0.65),(38,'Mirti','Gardenie',0,0,'19:50:00','20:05:00',19,0.87),(38,'Monte Compatri-Pantano','Graniti',1,0,'14:30:00','14:45:00',1,0.86),(38,'Parco di Centocelle','Mirti',0,0,'19:30:00','19:45:00',18,0.54),(38,'Pigneto','Lodi',0,0,'21:10:00','21:25:00',23,0.37),(38,'Teano','Malatesta',0,0,'20:30:00','20:45:00',21,0.99),(38,'Torre Angela','Torrenova',0,0,'17:30:00','17:45:00',10,0.76),(38,'Torre Gaia','Torre Angela',0,0,'17:10:00','17:25:00',9,0.77),(38,'Torre Maura','Torre Spaccata',0,0,'18:30:00','18:45:00',13,0.46),(38,'Torre Spaccata','Alessandrino',0,0,'18:50:00','19:05:00',14,0.58),(38,'Torrenova','Giardinetti',0,0,'17:50:00','18:05:00',11,0.51),(39,'Alessandrino','Parco di Centocelle',0,0,'21:25:00','21:40:00',17,0.73),(39,'Bolognetta','Borghesiana',0,0,'17:45:00','18:00:00',4,0.55),(39,'Borghesiana','Due Leoni',0,0,'18:05:00','18:20:00',5,0.26),(39,'Due Leoni','Fontana Candida',0,0,'18:25:00','18:40:00',6,0.9),(39,'Finocchio','Bolognetta',0,0,'17:25:00','17:40:00',3,0.5),(39,'Fontana Candida','Grotte Celoni',0,0,'18:45:00','19:00:00',7,0.48),(39,'Gardenie','Teano',0,0,'22:25:00','22:40:00',20,0.42),(39,'Giardinetti','Torre Maura',0,0,'20:25:00','20:40:00',12,0.75),(39,'Graniti','Finocchio',0,0,'17:05:00','17:20:00',2,0.81),(39,'Grotte Celoni','Torre Gaia',0,0,'19:05:00','19:20:00',8,0.94),(39,'Lodi','San Giovanni',0,1,'23:45:00','00:00:00',24,0.8),(39,'Malatesta','Pigneto',0,0,'23:05:00','23:20:00',22,0.65),(39,'Mirti','Gardenie',0,0,'22:05:00','22:20:00',19,0.87),(39,'Monte Compatri-Pantano','Graniti',1,0,'16:45:00','17:00:00',1,0.86),(39,'Parco di Centocelle','Mirti',0,0,'21:45:00','22:00:00',18,0.54),(39,'Pigneto','Lodi',0,0,'23:25:00','23:40:00',23,0.37),(39,'Teano','Malatesta',0,0,'22:45:00','23:00:00',21,0.99),(39,'Torre Angela','Torrenova',0,0,'19:45:00','20:00:00',10,0.76),(39,'Torre Gaia','Torre Angela',0,0,'19:25:00','19:40:00',9,0.77),(39,'Torre Maura','Torre Spaccata',0,0,'20:45:00','21:00:00',13,0.46),(39,'Torre Spaccata','Alessandrino',0,0,'21:05:00','21:20:00',14,0.58),(39,'Torrenova','Giardinetti',0,0,'20:05:00','20:20:00',11,0.51),(40,'Alessandrino','Parco di Centocelle',0,0,'23:40:00','23:55:00',17,0.73),(40,'Bolognetta','Borghesiana',0,0,'20:00:00','20:15:00',4,0.55),(40,'Borghesiana','Due Leoni',0,0,'20:20:00','20:35:00',5,0.26),(40,'Due Leoni','Fontana Candida',0,0,'20:40:00','20:55:00',6,0.9),(40,'Finocchio','Bolognetta',0,0,'19:40:00','19:55:00',3,0.5),(40,'Fontana Candida','Grotte Celoni',0,0,'21:00:00','21:15:00',7,0.48),(40,'Gardenie','Teano',0,0,'00:40:00','00:55:00',20,0.42),(40,'Giardinetti','Torre Maura',0,0,'22:40:00','22:55:00',12,0.75),(40,'Graniti','Finocchio',0,0,'19:20:00','19:35:00',2,0.81),(40,'Grotte Celoni','Torre Gaia',0,0,'21:20:00','21:35:00',8,0.94),(40,'Lodi','San Giovanni',0,1,'02:00:00','02:15:00',24,0.8),(40,'Malatesta','Pigneto',0,0,'01:20:00','01:35:00',22,0.65),(40,'Mirti','Gardenie',0,0,'00:20:00','00:35:00',19,0.87),(40,'Monte Compatri-Pantano','Graniti',1,0,'19:00:00','19:15:00',1,0.86),(40,'Parco di Centocelle','Mirti',0,0,'00:00:00','00:15:00',18,0.54),(40,'Pigneto','Lodi',0,0,'01:40:00','01:55:00',23,0.37),(40,'Teano','Malatesta',0,0,'01:00:00','01:15:00',21,0.99),(40,'Torre Angela','Torrenova',0,0,'22:00:00','22:15:00',10,0.76),(40,'Torre Gaia','Torre Angela',0,0,'21:40:00','21:55:00',9,0.77),(40,'Torre Maura','Torre Spaccata',0,0,'23:00:00','23:15:00',13,0.46),(40,'Torre Spaccata','Alessandrino',0,0,'23:20:00','23:35:00',14,0.58),(40,'Torrenova','Giardinetti',0,0,'22:20:00','22:35:00',11,0.51),(41,'Alessandrino','Parco di Centocelle',0,0,'01:55:00','02:10:00',17,0.73),(41,'Bolognetta','Borghesiana',0,0,'22:15:00','22:30:00',4,0.55),(41,'Borghesiana','Due Leoni',0,0,'22:35:00','22:50:00',5,0.26),(41,'Due Leoni','Fontana Candida',0,0,'22:55:00','23:10:00',6,0.9),(41,'Finocchio','Bolognetta',0,0,'21:55:00','22:10:00',3,0.5),(41,'Fontana Candida','Grotte Celoni',0,0,'23:15:00','23:30:00',7,0.48),(41,'Gardenie','Teano',0,0,'02:55:00','03:10:00',20,0.42),(41,'Giardinetti','Torre Maura',0,0,'00:55:00','01:10:00',12,0.75),(41,'Graniti','Finocchio',0,0,'21:35:00','21:50:00',2,0.81),(41,'Grotte Celoni','Torre Gaia',0,0,'23:35:00','23:50:00',8,0.94),(41,'Lodi','San Giovanni',0,1,'04:15:00','04:30:00',24,0.8),(41,'Malatesta','Pigneto',0,0,'03:35:00','03:50:00',22,0.65),(41,'Mirti','Gardenie',0,0,'02:35:00','02:50:00',19,0.87),(41,'Monte Compatri-Pantano','Graniti',1,0,'21:15:00','21:30:00',1,0.86),(41,'Parco di Centocelle','Mirti',0,0,'02:15:00','02:30:00',18,0.54),(41,'Pigneto','Lodi',0,0,'03:55:00','04:10:00',23,0.37),(41,'Teano','Malatesta',0,0,'03:15:00','03:30:00',21,0.99),(41,'Torre Angela','Torrenova',0,0,'00:15:00','00:30:00',10,0.76),(41,'Torre Gaia','Torre Angela',0,0,'23:55:00','00:10:00',9,0.77),(41,'Torre Maura','Torre Spaccata',0,0,'01:15:00','01:30:00',13,0.46),(41,'Torre Spaccata','Alessandrino',0,0,'01:35:00','01:50:00',14,0.58),(41,'Torrenova','Giardinetti',0,0,'00:35:00','00:50:00',11,0.51),(42,'Alessandrino','Parco di Centocelle',0,0,'04:10:00','04:25:00',17,0.73),(42,'Bolognetta','Borghesiana',0,0,'00:30:00','00:45:00',4,0.55),(42,'Borghesiana','Due Leoni',0,0,'00:50:00','01:05:00',5,0.26),(42,'Due Leoni','Fontana Candida',0,0,'01:10:00','01:25:00',6,0.9),(42,'Finocchio','Bolognetta',0,0,'00:10:00','00:25:00',3,0.5),(42,'Fontana Candida','Grotte Celoni',0,0,'01:30:00','01:45:00',7,0.48),(42,'Gardenie','Teano',0,0,'05:10:00','05:25:00',20,0.42),(42,'Giardinetti','Torre Maura',0,0,'03:10:00','03:25:00',12,0.75),(42,'Graniti','Finocchio',0,0,'23:50:00','00:05:00',2,0.81),(42,'Grotte Celoni','Torre Gaia',0,0,'01:50:00','02:05:00',8,0.94),(42,'Lodi','San Giovanni',0,1,'06:30:00','06:45:00',24,0.8),(42,'Malatesta','Pigneto',0,0,'05:50:00','06:05:00',22,0.65),(42,'Mirti','Gardenie',0,0,'04:50:00','05:05:00',19,0.87),(42,'Monte Compatri-Pantano','Graniti',1,0,'23:30:00','23:45:00',1,0.86),(42,'Parco di Centocelle','Mirti',0,0,'04:30:00','04:45:00',18,0.54),(42,'Pigneto','Lodi',0,0,'06:10:00','06:25:00',23,0.37),(42,'Teano','Malatesta',0,0,'05:30:00','05:45:00',21,0.99),(42,'Torre Angela','Torrenova',0,0,'02:30:00','02:45:00',10,0.76),(42,'Torre Gaia','Torre Angela',0,0,'02:10:00','02:25:00',9,0.77),(42,'Torre Maura','Torre Spaccata',0,0,'03:30:00','03:45:00',13,0.46),(42,'Torre Spaccata','Alessandrino',0,0,'03:50:00','04:05:00',14,0.58),(42,'Torrenova','Giardinetti',0,0,'02:50:00','03:05:00',11,0.51),(43,'Alessandrino','Parco di Centocelle',0,0,'06:25:00','06:40:00',17,0.73),(43,'Bolognetta','Borghesiana',0,0,'02:45:00','03:00:00',4,0.55),(43,'Borghesiana','Due Leoni',0,0,'03:05:00','03:20:00',5,0.26),(43,'Due Leoni','Fontana Candida',0,0,'03:25:00','03:40:00',6,0.9),(43,'Finocchio','Bolognetta',0,0,'02:25:00','02:40:00',3,0.5),(43,'Fontana Candida','Grotte Celoni',0,0,'03:45:00','04:00:00',7,0.48),(43,'Gardenie','Teano',0,0,'07:25:00','07:40:00',20,0.42),(43,'Giardinetti','Torre Maura',0,0,'05:25:00','05:40:00',12,0.75),(43,'Graniti','Finocchio',0,0,'02:05:00','02:20:00',2,0.81),(43,'Grotte Celoni','Torre Gaia',0,0,'04:05:00','04:20:00',8,0.94),(43,'Lodi','San Giovanni',0,1,'08:45:00','09:00:00',24,0.8),(43,'Malatesta','Pigneto',0,0,'08:05:00','08:20:00',22,0.65),(43,'Mirti','Gardenie',0,0,'07:05:00','07:20:00',19,0.87),(43,'Monte Compatri-Pantano','Graniti',1,0,'01:45:00','02:00:00',1,0.86),(43,'Parco di Centocelle','Mirti',0,0,'06:45:00','07:00:00',18,0.54),(43,'Pigneto','Lodi',0,0,'08:25:00','08:40:00',23,0.37),(43,'Teano','Malatesta',0,0,'07:45:00','08:00:00',21,0.99),(43,'Torre Angela','Torrenova',0,0,'04:45:00','05:00:00',10,0.76),(43,'Torre Gaia','Torre Angela',0,0,'04:25:00','04:40:00',9,0.77),(43,'Torre Maura','Torre Spaccata',0,0,'05:45:00','06:00:00',13,0.46),(43,'Torre Spaccata','Alessandrino',0,0,'06:05:00','06:20:00',14,0.58),(43,'Torrenova','Giardinetti',0,0,'05:05:00','05:20:00',11,0.51),(44,'Alessandrino','Parco di Centocelle',0,0,'08:40:00','08:55:00',17,0.73),(44,'Bolognetta','Borghesiana',0,0,'05:00:00','05:15:00',4,0.55),(44,'Borghesiana','Due Leoni',0,0,'05:20:00','05:35:00',5,0.26),(44,'Due Leoni','Fontana Candida',0,0,'05:40:00','05:55:00',6,0.9),(44,'Finocchio','Bolognetta',0,0,'04:40:00','04:55:00',3,0.5),(44,'Fontana Candida','Grotte Celoni',0,0,'06:00:00','06:15:00',7,0.48),(44,'Gardenie','Teano',0,0,'09:40:00','09:55:00',20,0.42),(44,'Giardinetti','Torre Maura',0,0,'07:40:00','07:55:00',12,0.75),(44,'Graniti','Finocchio',0,0,'04:20:00','04:35:00',2,0.81),(44,'Grotte Celoni','Torre Gaia',0,0,'06:20:00','06:35:00',8,0.94),(44,'Lodi','San Giovanni',0,1,'11:00:00','11:15:00',24,0.8),(44,'Malatesta','Pigneto',0,0,'10:20:00','10:35:00',22,0.65),(44,'Mirti','Gardenie',0,0,'09:20:00','09:35:00',19,0.87),(44,'Monte Compatri-Pantano','Graniti',1,0,'04:00:00','04:15:00',1,0.86),(44,'Parco di Centocelle','Mirti',0,0,'09:00:00','09:15:00',18,0.54),(44,'Pigneto','Lodi',0,0,'10:40:00','10:55:00',23,0.37),(44,'Teano','Malatesta',0,0,'10:00:00','10:15:00',21,0.99),(44,'Torre Angela','Torrenova',0,0,'07:00:00','07:15:00',10,0.76),(44,'Torre Gaia','Torre Angela',0,0,'06:40:00','06:55:00',9,0.77),(44,'Torre Maura','Torre Spaccata',0,0,'08:00:00','08:15:00',13,0.46),(44,'Torre Spaccata','Alessandrino',0,0,'08:20:00','08:35:00',14,0.58),(44,'Torrenova','Giardinetti',0,0,'07:20:00','07:35:00',11,0.51),(45,'Balduina','Valle Aurelia',0,0,'06:10:00','06:25:00',3,0.74),(45,'Fidene','Orte',0,1,'08:30:00','08:45:00',10,0.81),(45,'Gemelli','Balduina',0,0,'05:50:00','06:05:00',2,0.5),(45,'Piramide','Ponte Lungo',0,0,'07:30:00','07:45:00',7,0.48),(45,'Ponte Lungo','Tiburtina',0,0,'07:50:00','08:05:00',8,0.6),(45,'San Pietro','Trastevere',0,0,'06:50:00','07:05:00',5,0.69),(45,'Tiburtina','Fidene',0,0,'08:10:00','08:25:00',9,0.57),(45,'Trastevere','Piramide',0,0,'07:10:00','07:25:00',6,0.26),(45,'Valle Aurelia','San Pietro',0,0,'06:30:00','06:45:00',4,0.49),(45,'Viterbo','Gemelli',1,0,'05:30:00','05:45:00',1,0.5),(46,'Balduina','Valle Aurelia',0,0,'08:25:00','08:40:00',3,0.74),(46,'Fidene','Orte',0,1,'10:45:00','11:00:00',10,0.81),(46,'Gemelli','Balduina',0,0,'08:05:00','08:20:00',2,0.5),(46,'Piramide','Ponte Lungo',0,0,'09:45:00','10:00:00',7,0.48),(46,'Ponte Lungo','Tiburtina',0,0,'10:05:00','10:20:00',8,0.6),(46,'San Pietro','Trastevere',0,0,'09:05:00','09:20:00',5,0.69),(46,'Tiburtina','Fidene',0,0,'10:25:00','10:40:00',9,0.57),(46,'Trastevere','Piramide',0,0,'09:25:00','09:40:00',6,0.26),(46,'Valle Aurelia','San Pietro',0,0,'08:45:00','09:00:00',4,0.49),(46,'Viterbo','Gemelli',1,0,'07:45:00','08:00:00',1,0.5),(47,'Balduina','Valle Aurelia',0,0,'10:40:00','10:55:00',3,0.74),(47,'Fidene','Orte',0,1,'13:00:00','13:15:00',10,0.81),(47,'Gemelli','Balduina',0,0,'10:20:00','10:35:00',2,0.5),(47,'Piramide','Ponte Lungo',0,0,'12:00:00','12:15:00',7,0.48),(47,'Ponte Lungo','Tiburtina',0,0,'12:20:00','12:35:00',8,0.6),(47,'San Pietro','Trastevere',0,0,'11:20:00','11:35:00',5,0.69),(47,'Tiburtina','Fidene',0,0,'12:40:00','12:55:00',9,0.57),(47,'Trastevere','Piramide',0,0,'11:40:00','11:55:00',6,0.26),(47,'Valle Aurelia','San Pietro',0,0,'11:00:00','11:15:00',4,0.49),(47,'Viterbo','Gemelli',1,0,'10:00:00','10:15:00',1,0.5),(48,'Balduina','Valle Aurelia',0,0,'12:55:00','13:10:00',3,0.74),(48,'Fidene','Orte',0,1,'15:15:00','15:30:00',10,0.81),(48,'Gemelli','Balduina',0,0,'12:35:00','12:50:00',2,0.5),(48,'Piramide','Ponte Lungo',0,0,'14:15:00','14:30:00',7,0.48),(48,'Ponte Lungo','Tiburtina',0,0,'14:35:00','14:50:00',8,0.6),(48,'San Pietro','Trastevere',0,0,'13:35:00','13:50:00',5,0.69),(48,'Tiburtina','Fidene',0,0,'14:55:00','15:10:00',9,0.57),(48,'Trastevere','Piramide',0,0,'13:55:00','14:10:00',6,0.26),(48,'Valle Aurelia','San Pietro',0,0,'13:15:00','13:30:00',4,0.49),(48,'Viterbo','Gemelli',1,0,'12:15:00','12:30:00',1,0.5),(49,'Balduina','Valle Aurelia',0,0,'15:10:00','15:25:00',3,0.74),(49,'Fidene','Orte',0,1,'17:30:00','17:45:00',10,0.81),(49,'Gemelli','Balduina',0,0,'14:50:00','15:05:00',2,0.5),(49,'Piramide','Ponte Lungo',0,0,'16:30:00','16:45:00',7,0.48),(49,'Ponte Lungo','Tiburtina',0,0,'16:50:00','17:05:00',8,0.6),(49,'San Pietro','Trastevere',0,0,'15:50:00','16:05:00',5,0.69),(49,'Tiburtina','Fidene',0,0,'17:10:00','17:25:00',9,0.57),(49,'Trastevere','Piramide',0,0,'16:10:00','16:25:00',6,0.26),(49,'Valle Aurelia','San Pietro',0,0,'15:30:00','15:45:00',4,0.49),(49,'Viterbo','Gemelli',1,0,'14:30:00','14:45:00',1,0.5),(50,'Balduina','Valle Aurelia',0,0,'17:25:00','17:40:00',3,0.74),(50,'Fidene','Orte',0,1,'19:45:00','20:00:00',10,0.81),(50,'Gemelli','Balduina',0,0,'17:05:00','17:20:00',2,0.5),(50,'Piramide','Ponte Lungo',0,0,'18:45:00','19:00:00',7,0.48),(50,'Ponte Lungo','Tiburtina',0,0,'19:05:00','19:20:00',8,0.6),(50,'San Pietro','Trastevere',0,0,'18:05:00','18:20:00',5,0.69),(50,'Tiburtina','Fidene',0,0,'19:25:00','19:40:00',9,0.57),(50,'Trastevere','Piramide',0,0,'18:25:00','18:40:00',6,0.26),(50,'Valle Aurelia','San Pietro',0,0,'17:45:00','18:00:00',4,0.49),(50,'Viterbo','Gemelli',1,0,'16:45:00','17:00:00',1,0.5),(51,'Balduina','Valle Aurelia',0,0,'19:40:00','19:55:00',3,0.74),(51,'Fidene','Orte',0,1,'22:00:00','22:15:00',10,0.81),(51,'Gemelli','Balduina',0,0,'19:20:00','19:35:00',2,0.5),(51,'Piramide','Ponte Lungo',0,0,'21:00:00','21:15:00',7,0.48),(51,'Ponte Lungo','Tiburtina',0,0,'21:20:00','21:35:00',8,0.6),(51,'San Pietro','Trastevere',0,0,'20:20:00','20:35:00',5,0.69),(51,'Tiburtina','Fidene',0,0,'21:40:00','21:55:00',9,0.57),(51,'Trastevere','Piramide',0,0,'20:40:00','20:55:00',6,0.26),(51,'Valle Aurelia','San Pietro',0,0,'20:00:00','20:15:00',4,0.49),(51,'Viterbo','Gemelli',1,0,'19:00:00','19:15:00',1,0.5),(52,'Balduina','Valle Aurelia',0,0,'21:55:00','22:10:00',3,0.74),(52,'Fidene','Orte',0,1,'00:15:00','00:30:00',10,0.81),(52,'Gemelli','Balduina',0,0,'21:35:00','21:50:00',2,0.5),(52,'Piramide','Ponte Lungo',0,0,'23:15:00','23:30:00',7,0.48),(52,'Ponte Lungo','Tiburtina',0,0,'23:35:00','23:50:00',8,0.6),(52,'San Pietro','Trastevere',0,0,'22:35:00','22:50:00',5,0.69),(52,'Tiburtina','Fidene',0,0,'23:55:00','00:10:00',9,0.57),(52,'Trastevere','Piramide',0,0,'22:55:00','23:10:00',6,0.26),(52,'Valle Aurelia','San Pietro',0,0,'22:15:00','22:30:00',4,0.49),(52,'Viterbo','Gemelli',1,0,'21:15:00','21:30:00',1,0.5),(53,'Balduina','Valle Aurelia',0,0,'00:10:00','00:25:00',3,0.74),(53,'Fidene','Orte',0,1,'02:30:00','02:45:00',10,0.81),(53,'Gemelli','Balduina',0,0,'23:50:00','00:05:00',2,0.5),(53,'Piramide','Ponte Lungo',0,0,'01:30:00','01:45:00',7,0.48),(53,'Ponte Lungo','Tiburtina',0,0,'01:50:00','02:05:00',8,0.6),(53,'San Pietro','Trastevere',0,0,'00:50:00','01:05:00',5,0.69),(53,'Tiburtina','Fidene',0,0,'02:10:00','02:25:00',9,0.57),(53,'Trastevere','Piramide',0,0,'01:10:00','01:25:00',6,0.26),(53,'Valle Aurelia','San Pietro',0,0,'00:30:00','00:45:00',4,0.49),(53,'Viterbo','Gemelli',1,0,'23:30:00','23:45:00',1,0.5),(54,'Balduina','Valle Aurelia',0,0,'02:25:00','02:40:00',3,0.74),(54,'Fidene','Orte',0,1,'04:45:00','05:00:00',10,0.81),(54,'Gemelli','Balduina',0,0,'02:05:00','02:20:00',2,0.5),(54,'Piramide','Ponte Lungo',0,0,'03:45:00','04:00:00',7,0.48),(54,'Ponte Lungo','Tiburtina',0,0,'04:05:00','04:20:00',8,0.6),(54,'San Pietro','Trastevere',0,0,'03:05:00','03:20:00',5,0.69),(54,'Tiburtina','Fidene',0,0,'04:25:00','04:40:00',9,0.57),(54,'Trastevere','Piramide',0,0,'03:25:00','03:40:00',6,0.26),(54,'Valle Aurelia','San Pietro',0,0,'02:45:00','03:00:00',4,0.49),(54,'Viterbo','Gemelli',1,0,'01:45:00','02:00:00',1,0.5),(55,'Balduina','Valle Aurelia',0,0,'04:40:00','04:55:00',3,0.74),(55,'Fidene','Orte',0,1,'07:00:00','07:15:00',10,0.81),(55,'Gemelli','Balduina',0,0,'04:20:00','04:35:00',2,0.5),(55,'Piramide','Ponte Lungo',0,0,'06:00:00','06:15:00',7,0.48),(55,'Ponte Lungo','Tiburtina',0,0,'06:20:00','06:35:00',8,0.6),(55,'San Pietro','Trastevere',0,0,'05:20:00','05:35:00',5,0.69),(55,'Tiburtina','Fidene',0,0,'06:40:00','06:55:00',9,0.57),(55,'Trastevere','Piramide',0,0,'05:40:00','05:55:00',6,0.26),(55,'Valle Aurelia','San Pietro',0,0,'05:00:00','05:15:00',4,0.49),(55,'Viterbo','Gemelli',1,0,'04:00:00','04:15:00',1,0.5),(101,'Anagnina','Cinecittà',1,0,'05:30:00','05:45:00',1,0.82),(101,'Arco di Travertino','Colli Albani',0,0,'07:50:00','08:05:00',8,0.77),(101,'Baldo degli Ubaldi','Cornelia',0,0,'13:30:00','13:45:00',25,0.49),(101,'Barberini','Spagna',0,0,'11:10:00','11:25:00',18,0.81),(101,'Cinecittà','Subaugusta',0,0,'05:50:00','06:05:00',2,0.32),(101,'Cipro','Valle Aurelia',0,0,'12:50:00','13:05:00',23,0.71),(101,'Colli Albani','Furio Camillo',0,0,'08:10:00','08:25:00',9,0.69),(101,'Cornelia','Battistini',0,1,'13:50:00','14:05:00',26,0.33),(101,'Flaminio','Lepanto',0,0,'11:50:00','12:05:00',20,0.56),(101,'Furio Camillo','Ponte Lungo',0,0,'08:30:00','08:45:00',10,0.81),(101,'Giulio Agricola','Lucio Sestio',0,0,'06:30:00','06:45:00',4,0.43),(101,'Lepanto','Ottaviano',0,0,'12:10:00','12:25:00',21,0.82),(101,'Lucio Sestio','Numidio Quadrato',0,0,'06:50:00','07:05:00',5,0.91),(101,'Manzoni','Vittorio Emanuele',0,0,'09:50:00','10:05:00',14,0.3),(101,'Numidio Quadrato','Porta Furba',0,0,'07:10:00','07:25:00',6,0.54),(101,'Ottaviano','Cipro',0,0,'12:30:00','12:45:00',22,0.34),(101,'Ponte Lungo','Re di Roma',0,0,'08:50:00','09:05:00',11,0.78),(101,'Porta Furba','Arco di Travertino',0,0,'07:30:00','07:45:00',7,0.77),(101,'Re di Roma','San Giovanni',0,0,'09:10:00','09:25:00',12,0.7),(101,'Repubblica','Barberini',0,0,'10:50:00','11:05:00',17,0.52),(101,'San Giovanni','Manzoni',0,0,'09:30:00','09:45:00',13,0.82),(101,'Spagna','Flaminio',0,0,'11:30:00','11:45:00',19,0.85),(101,'Subaugusta','Giulio Agricola',0,0,'06:10:00','06:25:00',3,0.67),(101,'Termini','Repubblica',0,0,'10:30:00','10:45:00',16,0.66),(101,'Valle Aurelia','Baldo degli Ubaldi',0,0,'13:10:00','13:25:00',24,0.49),(101,'Vittorio Emanuele','Termini',0,0,'10:10:00','10:25:00',15,0.74),(102,'Anagnina','Cinecittà',1,0,'07:45:00','08:00:00',1,0.82),(102,'Arco di Travertino','Colli Albani',0,0,'10:05:00','10:20:00',8,0.77),(102,'Baldo degli Ubaldi','Cornelia',0,0,'15:45:00','16:00:00',25,0.49),(102,'Barberini','Spagna',0,0,'13:25:00','13:40:00',18,0.81),(102,'Cinecittà','Subaugusta',0,0,'08:05:00','08:20:00',2,0.32),(102,'Cipro','Valle Aurelia',0,0,'15:05:00','15:20:00',23,0.71),(102,'Colli Albani','Furio Camillo',0,0,'10:25:00','10:40:00',9,0.69),(102,'Cornelia','Battistini',0,1,'16:05:00','16:20:00',26,0.33),(102,'Flaminio','Lepanto',0,0,'14:05:00','14:20:00',20,0.56),(102,'Furio Camillo','Ponte Lungo',0,0,'10:45:00','11:00:00',10,0.81),(102,'Giulio Agricola','Lucio Sestio',0,0,'08:45:00','09:00:00',4,0.43),(102,'Lepanto','Ottaviano',0,0,'14:25:00','14:40:00',21,0.82),(102,'Lucio Sestio','Numidio Quadrato',0,0,'09:05:00','09:20:00',5,0.91),(102,'Manzoni','Vittorio Emanuele',0,0,'12:05:00','12:20:00',14,0.3),(102,'Numidio Quadrato','Porta Furba',0,0,'09:25:00','09:40:00',6,0.54),(102,'Ottaviano','Cipro',0,0,'14:45:00','15:00:00',22,0.34),(102,'Ponte Lungo','Re di Roma',0,0,'11:05:00','11:20:00',11,0.78),(102,'Porta Furba','Arco di Travertino',0,0,'09:45:00','10:00:00',7,0.77),(102,'Re di Roma','San Giovanni',0,0,'11:25:00','11:40:00',12,0.7),(102,'Repubblica','Barberini',0,0,'13:05:00','13:20:00',17,0.52),(102,'San Giovanni','Manzoni',0,0,'11:45:00','12:00:00',13,0.82),(102,'Spagna','Flaminio',0,0,'13:45:00','14:00:00',19,0.85),(102,'Subaugusta','Giulio Agricola',0,0,'08:25:00','08:40:00',3,0.67),(102,'Termini','Repubblica',0,0,'12:45:00','13:00:00',16,0.66),(102,'Valle Aurelia','Baldo degli Ubaldi',0,0,'15:25:00','15:40:00',24,0.49),(102,'Vittorio Emanuele','Termini',0,0,'12:25:00','12:40:00',15,0.74),(103,'Anagnina','Cinecittà',1,0,'10:00:00','10:15:00',1,0.82),(103,'Arco di Travertino','Colli Albani',0,0,'12:20:00','12:35:00',8,0.77),(103,'Baldo degli Ubaldi','Cornelia',0,0,'18:00:00','18:15:00',25,0.49),(103,'Barberini','Spagna',0,0,'15:40:00','15:55:00',18,0.81),(103,'Cinecittà','Subaugusta',0,0,'10:20:00','10:35:00',2,0.32),(103,'Cipro','Valle Aurelia',0,0,'17:20:00','17:35:00',23,0.71),(103,'Colli Albani','Furio Camillo',0,0,'12:40:00','12:55:00',9,0.69),(103,'Cornelia','Battistini',0,1,'18:20:00','18:35:00',26,0.33),(103,'Flaminio','Lepanto',0,0,'16:20:00','16:35:00',20,0.56),(103,'Furio Camillo','Ponte Lungo',0,0,'13:00:00','13:15:00',10,0.81),(103,'Giulio Agricola','Lucio Sestio',0,0,'11:00:00','11:15:00',4,0.43),(103,'Lepanto','Ottaviano',0,0,'16:40:00','16:55:00',21,0.82),(103,'Lucio Sestio','Numidio Quadrato',0,0,'11:20:00','11:35:00',5,0.91),(103,'Manzoni','Vittorio Emanuele',0,0,'14:20:00','14:35:00',14,0.3),(103,'Numidio Quadrato','Porta Furba',0,0,'11:40:00','11:55:00',6,0.54),(103,'Ottaviano','Cipro',0,0,'17:00:00','17:15:00',22,0.34),(103,'Ponte Lungo','Re di Roma',0,0,'13:20:00','13:35:00',11,0.78),(103,'Porta Furba','Arco di Travertino',0,0,'12:00:00','12:15:00',7,0.77),(103,'Re di Roma','San Giovanni',0,0,'13:40:00','13:55:00',12,0.7),(103,'Repubblica','Barberini',0,0,'15:20:00','15:35:00',17,0.52),(103,'San Giovanni','Manzoni',0,0,'14:00:00','14:15:00',13,0.82),(103,'Spagna','Flaminio',0,0,'16:00:00','16:15:00',19,0.85),(103,'Subaugusta','Giulio Agricola',0,0,'10:40:00','10:55:00',3,0.67),(103,'Termini','Repubblica',0,0,'15:00:00','15:15:00',16,0.66),(103,'Valle Aurelia','Baldo degli Ubaldi',0,0,'17:40:00','17:55:00',24,0.49),(103,'Vittorio Emanuele','Termini',0,0,'14:40:00','14:55:00',15,0.74),(104,'Anagnina','Cinecittà',1,0,'12:15:00','12:30:00',1,0.82),(104,'Arco di Travertino','Colli Albani',0,0,'14:35:00','14:50:00',8,0.77),(104,'Baldo degli Ubaldi','Cornelia',0,0,'20:15:00','20:30:00',25,0.49),(104,'Barberini','Spagna',0,0,'17:55:00','18:10:00',18,0.81),(104,'Cinecittà','Subaugusta',0,0,'12:35:00','12:50:00',2,0.32),(104,'Cipro','Valle Aurelia',0,0,'19:35:00','19:50:00',23,0.71),(104,'Colli Albani','Furio Camillo',0,0,'14:55:00','15:10:00',9,0.69),(104,'Cornelia','Battistini',0,1,'20:35:00','20:50:00',26,0.33),(104,'Flaminio','Lepanto',0,0,'18:35:00','18:50:00',20,0.56),(104,'Furio Camillo','Ponte Lungo',0,0,'15:15:00','15:30:00',10,0.81),(104,'Giulio Agricola','Lucio Sestio',0,0,'13:15:00','13:30:00',4,0.43),(104,'Lepanto','Ottaviano',0,0,'18:55:00','19:10:00',21,0.82),(104,'Lucio Sestio','Numidio Quadrato',0,0,'13:35:00','13:50:00',5,0.91),(104,'Manzoni','Vittorio Emanuele',0,0,'16:35:00','16:50:00',14,0.3),(104,'Numidio Quadrato','Porta Furba',0,0,'13:55:00','14:10:00',6,0.54),(104,'Ottaviano','Cipro',0,0,'19:15:00','19:30:00',22,0.34),(104,'Ponte Lungo','Re di Roma',0,0,'15:35:00','15:50:00',11,0.78),(104,'Porta Furba','Arco di Travertino',0,0,'14:15:00','14:30:00',7,0.77),(104,'Re di Roma','San Giovanni',0,0,'15:55:00','16:10:00',12,0.7),(104,'Repubblica','Barberini',0,0,'17:35:00','17:50:00',17,0.52),(104,'San Giovanni','Manzoni',0,0,'16:15:00','16:30:00',13,0.82),(104,'Spagna','Flaminio',0,0,'18:15:00','18:30:00',19,0.85),(104,'Subaugusta','Giulio Agricola',0,0,'12:55:00','13:10:00',3,0.67),(104,'Termini','Repubblica',0,0,'17:15:00','17:30:00',16,0.66),(104,'Valle Aurelia','Baldo degli Ubaldi',0,0,'19:55:00','20:10:00',24,0.49),(104,'Vittorio Emanuele','Termini',0,0,'16:55:00','17:10:00',15,0.74),(105,'Anagnina','Cinecittà',1,0,'14:30:00','14:45:00',1,0.82),(105,'Arco di Travertino','Colli Albani',0,0,'16:50:00','17:05:00',8,0.77),(105,'Baldo degli Ubaldi','Cornelia',0,0,'22:30:00','22:45:00',25,0.49),(105,'Barberini','Spagna',0,0,'20:10:00','20:25:00',18,0.81),(105,'Cinecittà','Subaugusta',0,0,'14:50:00','15:05:00',2,0.32),(105,'Cipro','Valle Aurelia',0,0,'21:50:00','22:05:00',23,0.71),(105,'Colli Albani','Furio Camillo',0,0,'17:10:00','17:25:00',9,0.69),(105,'Cornelia','Battistini',0,1,'22:50:00','23:05:00',26,0.33),(105,'Flaminio','Lepanto',0,0,'20:50:00','21:05:00',20,0.56),(105,'Furio Camillo','Ponte Lungo',0,0,'17:30:00','17:45:00',10,0.81),(105,'Giulio Agricola','Lucio Sestio',0,0,'15:30:00','15:45:00',4,0.43),(105,'Lepanto','Ottaviano',0,0,'21:10:00','21:25:00',21,0.82),(105,'Lucio Sestio','Numidio Quadrato',0,0,'15:50:00','16:05:00',5,0.91),(105,'Manzoni','Vittorio Emanuele',0,0,'18:50:00','19:05:00',14,0.3),(105,'Numidio Quadrato','Porta Furba',0,0,'16:10:00','16:25:00',6,0.54),(105,'Ottaviano','Cipro',0,0,'21:30:00','21:45:00',22,0.34),(105,'Ponte Lungo','Re di Roma',0,0,'17:50:00','18:05:00',11,0.78),(105,'Porta Furba','Arco di Travertino',0,0,'16:30:00','16:45:00',7,0.77),(105,'Re di Roma','San Giovanni',0,0,'18:10:00','18:25:00',12,0.7),(105,'Repubblica','Barberini',0,0,'19:50:00','20:05:00',17,0.52),(105,'San Giovanni','Manzoni',0,0,'18:30:00','18:45:00',13,0.82),(105,'Spagna','Flaminio',0,0,'20:30:00','20:45:00',19,0.85),(105,'Subaugusta','Giulio Agricola',0,0,'15:10:00','15:25:00',3,0.67),(105,'Termini','Repubblica',0,0,'19:30:00','19:45:00',16,0.66),(105,'Valle Aurelia','Baldo degli Ubaldi',0,0,'22:10:00','22:25:00',24,0.49),(105,'Vittorio Emanuele','Termini',0,0,'19:10:00','19:25:00',15,0.74),(106,'Anagnina','Cinecittà',1,0,'16:45:00','17:00:00',1,0.82),(106,'Arco di Travertino','Colli Albani',0,0,'19:05:00','19:20:00',8,0.77),(106,'Baldo degli Ubaldi','Cornelia',0,0,'00:45:00','01:00:00',25,0.49),(106,'Barberini','Spagna',0,0,'22:25:00','22:40:00',18,0.81),(106,'Cinecittà','Subaugusta',0,0,'17:05:00','17:20:00',2,0.32),(106,'Cipro','Valle Aurelia',0,0,'00:05:00','00:20:00',23,0.71),(106,'Colli Albani','Furio Camillo',0,0,'19:25:00','19:40:00',9,0.69),(106,'Cornelia','Battistini',0,1,'01:05:00','01:20:00',26,0.33),(106,'Flaminio','Lepanto',0,0,'23:05:00','23:20:00',20,0.56),(106,'Furio Camillo','Ponte Lungo',0,0,'19:45:00','20:00:00',10,0.81),(106,'Giulio Agricola','Lucio Sestio',0,0,'17:45:00','18:00:00',4,0.43),(106,'Lepanto','Ottaviano',0,0,'23:25:00','23:40:00',21,0.82),(106,'Lucio Sestio','Numidio Quadrato',0,0,'18:05:00','18:20:00',5,0.91),(106,'Manzoni','Vittorio Emanuele',0,0,'21:05:00','21:20:00',14,0.3),(106,'Numidio Quadrato','Porta Furba',0,0,'18:25:00','18:40:00',6,0.54),(106,'Ottaviano','Cipro',0,0,'23:45:00','00:00:00',22,0.34),(106,'Ponte Lungo','Re di Roma',0,0,'20:05:00','20:20:00',11,0.78),(106,'Porta Furba','Arco di Travertino',0,0,'18:45:00','19:00:00',7,0.77),(106,'Re di Roma','San Giovanni',0,0,'20:25:00','20:40:00',12,0.7),(106,'Repubblica','Barberini',0,0,'22:05:00','22:20:00',17,0.52),(106,'San Giovanni','Manzoni',0,0,'20:45:00','21:00:00',13,0.82),(106,'Spagna','Flaminio',0,0,'22:45:00','23:00:00',19,0.85),(106,'Subaugusta','Giulio Agricola',0,0,'17:25:00','17:40:00',3,0.67),(106,'Termini','Repubblica',0,0,'21:45:00','22:00:00',16,0.66),(106,'Valle Aurelia','Baldo degli Ubaldi',0,0,'00:25:00','00:40:00',24,0.49),(106,'Vittorio Emanuele','Termini',0,0,'21:25:00','21:40:00',15,0.74),(107,'Anagnina','Cinecittà',1,0,'19:00:00','19:15:00',1,0.82),(107,'Arco di Travertino','Colli Albani',0,0,'21:20:00','21:35:00',8,0.77),(107,'Baldo degli Ubaldi','Cornelia',0,0,'03:00:00','03:15:00',25,0.49),(107,'Barberini','Spagna',0,0,'00:40:00','00:55:00',18,0.81),(107,'Cinecittà','Subaugusta',0,0,'19:20:00','19:35:00',2,0.32),(107,'Cipro','Valle Aurelia',0,0,'02:20:00','02:35:00',23,0.71),(107,'Colli Albani','Furio Camillo',0,0,'21:40:00','21:55:00',9,0.69),(107,'Cornelia','Battistini',0,1,'03:20:00','03:35:00',26,0.33),(107,'Flaminio','Lepanto',0,0,'01:20:00','01:35:00',20,0.56),(107,'Furio Camillo','Ponte Lungo',0,0,'22:00:00','22:15:00',10,0.81),(107,'Giulio Agricola','Lucio Sestio',0,0,'20:00:00','20:15:00',4,0.43),(107,'Lepanto','Ottaviano',0,0,'01:40:00','01:55:00',21,0.82),(107,'Lucio Sestio','Numidio Quadrato',0,0,'20:20:00','20:35:00',5,0.91),(107,'Manzoni','Vittorio Emanuele',0,0,'23:20:00','23:35:00',14,0.3),(107,'Numidio Quadrato','Porta Furba',0,0,'20:40:00','20:55:00',6,0.54),(107,'Ottaviano','Cipro',0,0,'02:00:00','02:15:00',22,0.34),(107,'Ponte Lungo','Re di Roma',0,0,'22:20:00','22:35:00',11,0.78),(107,'Porta Furba','Arco di Travertino',0,0,'21:00:00','21:15:00',7,0.77),(107,'Re di Roma','San Giovanni',0,0,'22:40:00','22:55:00',12,0.7),(107,'Repubblica','Barberini',0,0,'00:20:00','00:35:00',17,0.52),(107,'San Giovanni','Manzoni',0,0,'23:00:00','23:15:00',13,0.82),(107,'Spagna','Flaminio',0,0,'01:00:00','01:15:00',19,0.85),(107,'Subaugusta','Giulio Agricola',0,0,'19:40:00','19:55:00',3,0.67),(107,'Termini','Repubblica',0,0,'00:00:00','00:15:00',16,0.66),(107,'Valle Aurelia','Baldo degli Ubaldi',0,0,'02:40:00','02:55:00',24,0.49),(107,'Vittorio Emanuele','Termini',0,0,'23:40:00','23:55:00',15,0.74),(108,'Anagnina','Cinecittà',1,0,'21:15:00','21:30:00',1,0.82),(108,'Arco di Travertino','Colli Albani',0,0,'23:35:00','23:50:00',8,0.77),(108,'Baldo degli Ubaldi','Cornelia',0,0,'05:15:00','05:30:00',25,0.49),(108,'Barberini','Spagna',0,0,'02:55:00','03:10:00',18,0.81),(108,'Cinecittà','Subaugusta',0,0,'21:35:00','21:50:00',2,0.32),(108,'Cipro','Valle Aurelia',0,0,'04:35:00','04:50:00',23,0.71),(108,'Colli Albani','Furio Camillo',0,0,'23:55:00','00:10:00',9,0.69),(108,'Cornelia','Battistini',0,1,'05:35:00','05:50:00',26,0.33),(108,'Flaminio','Lepanto',0,0,'03:35:00','03:50:00',20,0.56),(108,'Furio Camillo','Ponte Lungo',0,0,'00:15:00','00:30:00',10,0.81),(108,'Giulio Agricola','Lucio Sestio',0,0,'22:15:00','22:30:00',4,0.43),(108,'Lepanto','Ottaviano',0,0,'03:55:00','04:10:00',21,0.82),(108,'Lucio Sestio','Numidio Quadrato',0,0,'22:35:00','22:50:00',5,0.91),(108,'Manzoni','Vittorio Emanuele',0,0,'01:35:00','01:50:00',14,0.3),(108,'Numidio Quadrato','Porta Furba',0,0,'22:55:00','23:10:00',6,0.54),(108,'Ottaviano','Cipro',0,0,'04:15:00','04:30:00',22,0.34),(108,'Ponte Lungo','Re di Roma',0,0,'00:35:00','00:50:00',11,0.78),(108,'Porta Furba','Arco di Travertino',0,0,'23:15:00','23:30:00',7,0.77),(108,'Re di Roma','San Giovanni',0,0,'00:55:00','01:10:00',12,0.7),(108,'Repubblica','Barberini',0,0,'02:35:00','02:50:00',17,0.52),(108,'San Giovanni','Manzoni',0,0,'01:15:00','01:30:00',13,0.82),(108,'Spagna','Flaminio',0,0,'03:15:00','03:30:00',19,0.85),(108,'Subaugusta','Giulio Agricola',0,0,'21:55:00','22:10:00',3,0.67),(108,'Termini','Repubblica',0,0,'02:15:00','02:30:00',16,0.66),(108,'Valle Aurelia','Baldo degli Ubaldi',0,0,'04:55:00','05:10:00',24,0.49),(108,'Vittorio Emanuele','Termini',0,0,'01:55:00','02:10:00',15,0.74),(109,'Anagnina','Cinecittà',1,0,'23:30:00','23:45:00',1,0.82),(109,'Arco di Travertino','Colli Albani',0,0,'01:50:00','02:05:00',8,0.77),(109,'Baldo degli Ubaldi','Cornelia',0,0,'07:30:00','07:45:00',25,0.49),(109,'Barberini','Spagna',0,0,'05:10:00','05:25:00',18,0.81),(109,'Cinecittà','Subaugusta',0,0,'23:50:00','00:05:00',2,0.32),(109,'Cipro','Valle Aurelia',0,0,'06:50:00','07:05:00',23,0.71),(109,'Colli Albani','Furio Camillo',0,0,'02:10:00','02:25:00',9,0.69),(109,'Cornelia','Battistini',0,1,'07:50:00','08:05:00',26,0.33),(109,'Flaminio','Lepanto',0,0,'05:50:00','06:05:00',20,0.56),(109,'Furio Camillo','Ponte Lungo',0,0,'02:30:00','02:45:00',10,0.81),(109,'Giulio Agricola','Lucio Sestio',0,0,'00:30:00','00:45:00',4,0.43),(109,'Lepanto','Ottaviano',0,0,'06:10:00','06:25:00',21,0.82),(109,'Lucio Sestio','Numidio Quadrato',0,0,'00:50:00','01:05:00',5,0.91),(109,'Manzoni','Vittorio Emanuele',0,0,'03:50:00','04:05:00',14,0.3),(109,'Numidio Quadrato','Porta Furba',0,0,'01:10:00','01:25:00',6,0.54),(109,'Ottaviano','Cipro',0,0,'06:30:00','06:45:00',22,0.34),(109,'Ponte Lungo','Re di Roma',0,0,'02:50:00','03:05:00',11,0.78),(109,'Porta Furba','Arco di Travertino',0,0,'01:30:00','01:45:00',7,0.77),(109,'Re di Roma','San Giovanni',0,0,'03:10:00','03:25:00',12,0.7),(109,'Repubblica','Barberini',0,0,'04:50:00','05:05:00',17,0.52),(109,'San Giovanni','Manzoni',0,0,'03:30:00','03:45:00',13,0.82),(109,'Spagna','Flaminio',0,0,'05:30:00','05:45:00',19,0.85),(109,'Subaugusta','Giulio Agricola',0,0,'00:10:00','00:25:00',3,0.67),(109,'Termini','Repubblica',0,0,'04:30:00','04:45:00',16,0.66),(109,'Valle Aurelia','Baldo degli Ubaldi',0,0,'07:10:00','07:25:00',24,0.49),(109,'Vittorio Emanuele','Termini',0,0,'04:10:00','04:25:00',15,0.74),(110,'Anagnina','Cinecittà',1,0,'01:45:00','02:00:00',1,0.82),(110,'Arco di Travertino','Colli Albani',0,0,'04:05:00','04:20:00',8,0.77),(110,'Baldo degli Ubaldi','Cornelia',0,0,'09:45:00','10:00:00',25,0.49),(110,'Barberini','Spagna',0,0,'07:25:00','07:40:00',18,0.81),(110,'Cinecittà','Subaugusta',0,0,'02:05:00','02:20:00',2,0.32),(110,'Cipro','Valle Aurelia',0,0,'09:05:00','09:20:00',23,0.71),(110,'Colli Albani','Furio Camillo',0,0,'04:25:00','04:40:00',9,0.69),(110,'Cornelia','Battistini',0,1,'10:05:00','10:20:00',26,0.33),(110,'Flaminio','Lepanto',0,0,'08:05:00','08:20:00',20,0.56),(110,'Furio Camillo','Ponte Lungo',0,0,'04:45:00','05:00:00',10,0.81),(110,'Giulio Agricola','Lucio Sestio',0,0,'02:45:00','03:00:00',4,0.43),(110,'Lepanto','Ottaviano',0,0,'08:25:00','08:40:00',21,0.82),(110,'Lucio Sestio','Numidio Quadrato',0,0,'03:05:00','03:20:00',5,0.91),(110,'Manzoni','Vittorio Emanuele',0,0,'06:05:00','06:20:00',14,0.3),(110,'Numidio Quadrato','Porta Furba',0,0,'03:25:00','03:40:00',6,0.54),(110,'Ottaviano','Cipro',0,0,'08:45:00','09:00:00',22,0.34),(110,'Ponte Lungo','Re di Roma',0,0,'05:05:00','05:20:00',11,0.78),(110,'Porta Furba','Arco di Travertino',0,0,'03:45:00','04:00:00',7,0.77),(110,'Re di Roma','San Giovanni',0,0,'05:25:00','05:40:00',12,0.7),(110,'Repubblica','Barberini',0,0,'07:05:00','07:20:00',17,0.52),(110,'San Giovanni','Manzoni',0,0,'05:45:00','06:00:00',13,0.82),(110,'Spagna','Flaminio',0,0,'07:45:00','08:00:00',19,0.85),(110,'Subaugusta','Giulio Agricola',0,0,'02:25:00','02:40:00',3,0.67),(110,'Termini','Repubblica',0,0,'06:45:00','07:00:00',16,0.66),(110,'Valle Aurelia','Baldo degli Ubaldi',0,0,'09:25:00','09:40:00',24,0.49),(110,'Vittorio Emanuele','Termini',0,0,'06:25:00','06:40:00',15,0.74),(111,'Anagnina','Cinecittà',1,0,'04:00:00','04:15:00',1,0.82),(111,'Arco di Travertino','Colli Albani',0,0,'06:20:00','06:35:00',8,0.77),(111,'Baldo degli Ubaldi','Cornelia',0,0,'12:00:00','12:15:00',25,0.49),(111,'Barberini','Spagna',0,0,'09:40:00','09:55:00',18,0.81),(111,'Cinecittà','Subaugusta',0,0,'04:20:00','04:35:00',2,0.32),(111,'Cipro','Valle Aurelia',0,0,'11:20:00','11:35:00',23,0.71),(111,'Colli Albani','Furio Camillo',0,0,'06:40:00','06:55:00',9,0.69),(111,'Cornelia','Battistini',0,1,'12:20:00','12:35:00',26,0.33),(111,'Flaminio','Lepanto',0,0,'10:20:00','10:35:00',20,0.56),(111,'Furio Camillo','Ponte Lungo',0,0,'07:00:00','07:15:00',10,0.81),(111,'Giulio Agricola','Lucio Sestio',0,0,'05:00:00','05:15:00',4,0.43),(111,'Lepanto','Ottaviano',0,0,'10:40:00','10:55:00',21,0.82),(111,'Lucio Sestio','Numidio Quadrato',0,0,'05:20:00','05:35:00',5,0.91),(111,'Manzoni','Vittorio Emanuele',0,0,'08:20:00','08:35:00',14,0.3),(111,'Numidio Quadrato','Porta Furba',0,0,'05:40:00','05:55:00',6,0.54),(111,'Ottaviano','Cipro',0,0,'11:00:00','11:15:00',22,0.34),(111,'Ponte Lungo','Re di Roma',0,0,'07:20:00','07:35:00',11,0.78),(111,'Porta Furba','Arco di Travertino',0,0,'06:00:00','06:15:00',7,0.77),(111,'Re di Roma','San Giovanni',0,0,'07:40:00','07:55:00',12,0.7),(111,'Repubblica','Barberini',0,0,'09:20:00','09:35:00',17,0.52),(111,'San Giovanni','Manzoni',0,0,'08:00:00','08:15:00',13,0.82),(111,'Spagna','Flaminio',0,0,'10:00:00','10:15:00',19,0.85),(111,'Subaugusta','Giulio Agricola',0,0,'04:40:00','04:55:00',3,0.67),(111,'Termini','Repubblica',0,0,'09:00:00','09:15:00',16,0.66),(111,'Valle Aurelia','Baldo degli Ubaldi',0,0,'11:40:00','11:55:00',24,0.49),(111,'Vittorio Emanuele','Termini',0,0,'08:40:00','08:55:00',15,0.74),(112,'Basilica S. Paolo','Marconi',0,0,'10:50:00','11:05:00',17,0.57),(112,'Bologna','Policlinico',0,0,'07:50:00','08:05:00',8,0.65),(112,'Castro Pretorio','Termini',0,0,'08:30:00','08:45:00',10,0.53),(112,'Cavour','Colosseo',0,0,'09:10:00','09:25:00',12,0.97),(112,'Circo Massimo','Piramide',0,0,'09:50:00','10:05:00',14,0.91),(112,'Colosseo','Circo Massimo',0,0,'09:30:00','09:45:00',13,0.49),(112,'EUR Fermi','Laurentina',0,1,'12:10:00','12:25:00',21,0.75),(112,'EUR Magliana','EUR Palasport',0,0,'11:30:00','11:45:00',19,0.54),(112,'EUR Palasport','EUR Fermi',0,0,'11:50:00','12:05:00',20,0.91),(112,'Garbatella','Basilica S. Paolo',0,0,'10:30:00','10:45:00',16,0.4),(112,'Marconi','EUR Magliana',0,0,'11:10:00','11:25:00',18,0.49),(112,'Monti Tiburtini','Quinitiliani',0,0,'06:50:00','07:05:00',5,0.8),(112,'Pietralata','Monti Tiburtini',0,0,'06:30:00','06:45:00',4,0.56),(112,'Piramide','Garbatella',0,0,'10:10:00','10:25:00',15,0.77),(112,'Policlinico','Castro Pretorio',0,0,'08:10:00','08:25:00',9,0.5),(112,'Ponte Mammolo','Santa Maria del Soccorso',0,0,'05:50:00','06:05:00',2,0.37),(112,'Quinitiliani','Tiburtina',0,0,'07:10:00','07:25:00',6,0.81),(112,'Rebibbia','Ponte Mammolo',1,0,'05:30:00','05:45:00',1,0.35),(112,'Santa Maria del Soccorso','Pietralata',0,0,'06:10:00','06:25:00',3,0.91),(112,'Termini','Cavour',0,0,'08:50:00','09:05:00',11,0.89),(112,'Tiburtina','Bologna',0,0,'07:30:00','07:45:00',7,0.75),(113,'Basilica S. Paolo','Marconi',0,0,'13:05:00','13:20:00',17,0.57),(113,'Bologna','Policlinico',0,0,'10:05:00','10:20:00',8,0.65),(113,'Castro Pretorio','Termini',0,0,'10:45:00','11:00:00',10,0.53),(113,'Cavour','Colosseo',0,0,'11:25:00','11:40:00',12,0.97),(113,'Circo Massimo','Piramide',0,0,'12:05:00','12:20:00',14,0.91),(113,'Colosseo','Circo Massimo',0,0,'11:45:00','12:00:00',13,0.49),(113,'EUR Fermi','Laurentina',0,1,'14:25:00','14:40:00',21,0.75),(113,'EUR Magliana','EUR Palasport',0,0,'13:45:00','14:00:00',19,0.54),(113,'EUR Palasport','EUR Fermi',0,0,'14:05:00','14:20:00',20,0.91),(113,'Garbatella','Basilica S. Paolo',0,0,'12:45:00','13:00:00',16,0.4),(113,'Marconi','EUR Magliana',0,0,'13:25:00','13:40:00',18,0.49),(113,'Monti Tiburtini','Quinitiliani',0,0,'09:05:00','09:20:00',5,0.8),(113,'Pietralata','Monti Tiburtini',0,0,'08:45:00','09:00:00',4,0.56),(113,'Piramide','Garbatella',0,0,'12:25:00','12:40:00',15,0.77),(113,'Policlinico','Castro Pretorio',0,0,'10:25:00','10:40:00',9,0.5),(113,'Ponte Mammolo','Santa Maria del Soccorso',0,0,'08:05:00','08:20:00',2,0.37),(113,'Quinitiliani','Tiburtina',0,0,'09:25:00','09:40:00',6,0.81),(113,'Rebibbia','Ponte Mammolo',1,0,'07:45:00','08:00:00',1,0.35),(113,'Santa Maria del Soccorso','Pietralata',0,0,'08:25:00','08:40:00',3,0.91),(113,'Termini','Cavour',0,0,'11:05:00','11:20:00',11,0.89),(113,'Tiburtina','Bologna',0,0,'09:45:00','10:00:00',7,0.75),(114,'Basilica S. Paolo','Marconi',0,0,'15:20:00','15:35:00',17,0.57),(114,'Bologna','Policlinico',0,0,'12:20:00','12:35:00',8,0.65),(114,'Castro Pretorio','Termini',0,0,'13:00:00','13:15:00',10,0.53),(114,'Cavour','Colosseo',0,0,'13:40:00','13:55:00',12,0.97),(114,'Circo Massimo','Piramide',0,0,'14:20:00','14:35:00',14,0.91),(114,'Colosseo','Circo Massimo',0,0,'14:00:00','14:15:00',13,0.49),(114,'EUR Fermi','Laurentina',0,1,'16:40:00','16:55:00',21,0.75),(114,'EUR Magliana','EUR Palasport',0,0,'16:00:00','16:15:00',19,0.54),(114,'EUR Palasport','EUR Fermi',0,0,'16:20:00','16:35:00',20,0.91),(114,'Garbatella','Basilica S. Paolo',0,0,'15:00:00','15:15:00',16,0.4),(114,'Marconi','EUR Magliana',0,0,'15:40:00','15:55:00',18,0.49),(114,'Monti Tiburtini','Quinitiliani',0,0,'11:20:00','11:35:00',5,0.8),(114,'Pietralata','Monti Tiburtini',0,0,'11:00:00','11:15:00',4,0.56),(114,'Piramide','Garbatella',0,0,'14:40:00','14:55:00',15,0.77),(114,'Policlinico','Castro Pretorio',0,0,'12:40:00','12:55:00',9,0.5),(114,'Ponte Mammolo','Santa Maria del Soccorso',0,0,'10:20:00','10:35:00',2,0.37),(114,'Quinitiliani','Tiburtina',0,0,'11:40:00','11:55:00',6,0.81),(114,'Rebibbia','Ponte Mammolo',1,0,'10:00:00','10:15:00',1,0.35),(114,'Santa Maria del Soccorso','Pietralata',0,0,'10:40:00','10:55:00',3,0.91),(114,'Termini','Cavour',0,0,'13:20:00','13:35:00',11,0.89),(114,'Tiburtina','Bologna',0,0,'12:00:00','12:15:00',7,0.75),(115,'Basilica S. Paolo','Marconi',0,0,'17:35:00','17:50:00',17,0.57),(115,'Bologna','Policlinico',0,0,'14:35:00','14:50:00',8,0.65),(115,'Castro Pretorio','Termini',0,0,'15:15:00','15:30:00',10,0.53),(115,'Cavour','Colosseo',0,0,'15:55:00','16:10:00',12,0.97),(115,'Circo Massimo','Piramide',0,0,'16:35:00','16:50:00',14,0.91),(115,'Colosseo','Circo Massimo',0,0,'16:15:00','16:30:00',13,0.49),(115,'EUR Fermi','Laurentina',0,1,'18:55:00','19:10:00',21,0.75),(115,'EUR Magliana','EUR Palasport',0,0,'18:15:00','18:30:00',19,0.54),(115,'EUR Palasport','EUR Fermi',0,0,'18:35:00','18:50:00',20,0.91),(115,'Garbatella','Basilica S. Paolo',0,0,'17:15:00','17:30:00',16,0.4),(115,'Marconi','EUR Magliana',0,0,'17:55:00','18:10:00',18,0.49),(115,'Monti Tiburtini','Quinitiliani',0,0,'13:35:00','13:50:00',5,0.8),(115,'Pietralata','Monti Tiburtini',0,0,'13:15:00','13:30:00',4,0.56),(115,'Piramide','Garbatella',0,0,'16:55:00','17:10:00',15,0.77),(115,'Policlinico','Castro Pretorio',0,0,'14:55:00','15:10:00',9,0.5),(115,'Ponte Mammolo','Santa Maria del Soccorso',0,0,'12:35:00','12:50:00',2,0.37),(115,'Quinitiliani','Tiburtina',0,0,'13:55:00','14:10:00',6,0.81),(115,'Rebibbia','Ponte Mammolo',1,0,'12:15:00','12:30:00',1,0.35),(115,'Santa Maria del Soccorso','Pietralata',0,0,'12:55:00','13:10:00',3,0.91),(115,'Termini','Cavour',0,0,'15:35:00','15:50:00',11,0.89),(115,'Tiburtina','Bologna',0,0,'14:15:00','14:30:00',7,0.75),(116,'Basilica S. Paolo','Marconi',0,0,'19:50:00','20:05:00',17,0.57),(116,'Bologna','Policlinico',0,0,'16:50:00','17:05:00',8,0.65),(116,'Castro Pretorio','Termini',0,0,'17:30:00','17:45:00',10,0.53),(116,'Cavour','Colosseo',0,0,'18:10:00','18:25:00',12,0.97),(116,'Circo Massimo','Piramide',0,0,'18:50:00','19:05:00',14,0.91),(116,'Colosseo','Circo Massimo',0,0,'18:30:00','18:45:00',13,0.49),(116,'EUR Fermi','Laurentina',0,1,'21:10:00','21:25:00',21,0.75),(116,'EUR Magliana','EUR Palasport',0,0,'20:30:00','20:45:00',19,0.54),(116,'EUR Palasport','EUR Fermi',0,0,'20:50:00','21:05:00',20,0.91),(116,'Garbatella','Basilica S. Paolo',0,0,'19:30:00','19:45:00',16,0.4),(116,'Marconi','EUR Magliana',0,0,'20:10:00','20:25:00',18,0.49),(116,'Monti Tiburtini','Quinitiliani',0,0,'15:50:00','16:05:00',5,0.8),(116,'Pietralata','Monti Tiburtini',0,0,'15:30:00','15:45:00',4,0.56),(116,'Piramide','Garbatella',0,0,'19:10:00','19:25:00',15,0.77),(116,'Policlinico','Castro Pretorio',0,0,'17:10:00','17:25:00',9,0.5),(116,'Ponte Mammolo','Santa Maria del Soccorso',0,0,'14:50:00','15:05:00',2,0.37),(116,'Quinitiliani','Tiburtina',0,0,'16:10:00','16:25:00',6,0.81),(116,'Rebibbia','Ponte Mammolo',1,0,'14:30:00','14:45:00',1,0.35),(116,'Santa Maria del Soccorso','Pietralata',0,0,'15:10:00','15:25:00',3,0.91),(116,'Termini','Cavour',0,0,'17:50:00','18:05:00',11,0.89),(116,'Tiburtina','Bologna',0,0,'16:30:00','16:45:00',7,0.75),(117,'Basilica S. Paolo','Marconi',0,0,'22:05:00','22:20:00',17,0.57),(117,'Bologna','Policlinico',0,0,'19:05:00','19:20:00',8,0.65),(117,'Castro Pretorio','Termini',0,0,'19:45:00','20:00:00',10,0.53),(117,'Cavour','Colosseo',0,0,'20:25:00','20:40:00',12,0.97),(117,'Circo Massimo','Piramide',0,0,'21:05:00','21:20:00',14,0.91),(117,'Colosseo','Circo Massimo',0,0,'20:45:00','21:00:00',13,0.49),(117,'EUR Fermi','Laurentina',0,1,'23:25:00','23:40:00',21,0.75),(117,'EUR Magliana','EUR Palasport',0,0,'22:45:00','23:00:00',19,0.54),(117,'EUR Palasport','EUR Fermi',0,0,'23:05:00','23:20:00',20,0.91),(117,'Garbatella','Basilica S. Paolo',0,0,'21:45:00','22:00:00',16,0.4),(117,'Marconi','EUR Magliana',0,0,'22:25:00','22:40:00',18,0.49),(117,'Monti Tiburtini','Quinitiliani',0,0,'18:05:00','18:20:00',5,0.8),(117,'Pietralata','Monti Tiburtini',0,0,'17:45:00','18:00:00',4,0.56),(117,'Piramide','Garbatella',0,0,'21:25:00','21:40:00',15,0.77),(117,'Policlinico','Castro Pretorio',0,0,'19:25:00','19:40:00',9,0.5),(117,'Ponte Mammolo','Santa Maria del Soccorso',0,0,'17:05:00','17:20:00',2,0.37),(117,'Quinitiliani','Tiburtina',0,0,'18:25:00','18:40:00',6,0.81),(117,'Rebibbia','Ponte Mammolo',1,0,'16:45:00','17:00:00',1,0.35),(117,'Santa Maria del Soccorso','Pietralata',0,0,'17:25:00','17:40:00',3,0.91),(117,'Termini','Cavour',0,0,'20:05:00','20:20:00',11,0.89),(117,'Tiburtina','Bologna',0,0,'18:45:00','19:00:00',7,0.75),(118,'Basilica S. Paolo','Marconi',0,0,'00:20:00','00:35:00',17,0.57),(118,'Bologna','Policlinico',0,0,'21:20:00','21:35:00',8,0.65),(118,'Castro Pretorio','Termini',0,0,'22:00:00','22:15:00',10,0.53),(118,'Cavour','Colosseo',0,0,'22:40:00','22:55:00',12,0.97),(118,'Circo Massimo','Piramide',0,0,'23:20:00','23:35:00',14,0.91),(118,'Colosseo','Circo Massimo',0,0,'23:00:00','23:15:00',13,0.49),(118,'EUR Fermi','Laurentina',0,1,'01:40:00','01:55:00',21,0.75),(118,'EUR Magliana','EUR Palasport',0,0,'01:00:00','01:15:00',19,0.54),(118,'EUR Palasport','EUR Fermi',0,0,'01:20:00','01:35:00',20,0.91),(118,'Garbatella','Basilica S. Paolo',0,0,'00:00:00','00:15:00',16,0.4),(118,'Marconi','EUR Magliana',0,0,'00:40:00','00:55:00',18,0.49),(118,'Monti Tiburtini','Quinitiliani',0,0,'20:20:00','20:35:00',5,0.8),(118,'Pietralata','Monti Tiburtini',0,0,'20:00:00','20:15:00',4,0.56),(118,'Piramide','Garbatella',0,0,'23:40:00','23:55:00',15,0.77),(118,'Policlinico','Castro Pretorio',0,0,'21:40:00','21:55:00',9,0.5),(118,'Ponte Mammolo','Santa Maria del Soccorso',0,0,'19:20:00','19:35:00',2,0.37),(118,'Quinitiliani','Tiburtina',0,0,'20:40:00','20:55:00',6,0.81),(118,'Rebibbia','Ponte Mammolo',1,0,'19:00:00','19:15:00',1,0.35),(118,'Santa Maria del Soccorso','Pietralata',0,0,'19:40:00','19:55:00',3,0.91),(118,'Termini','Cavour',0,0,'22:20:00','22:35:00',11,0.89),(118,'Tiburtina','Bologna',0,0,'21:00:00','21:15:00',7,0.75),(119,'Basilica S. Paolo','Marconi',0,0,'02:35:00','02:50:00',17,0.57),(119,'Bologna','Policlinico',0,0,'23:35:00','23:50:00',8,0.65),(119,'Castro Pretorio','Termini',0,0,'00:15:00','00:30:00',10,0.53),(119,'Cavour','Colosseo',0,0,'00:55:00','01:10:00',12,0.97),(119,'Circo Massimo','Piramide',0,0,'01:35:00','01:50:00',14,0.91),(119,'Colosseo','Circo Massimo',0,0,'01:15:00','01:30:00',13,0.49),(119,'EUR Fermi','Laurentina',0,1,'03:55:00','04:10:00',21,0.75),(119,'EUR Magliana','EUR Palasport',0,0,'03:15:00','03:30:00',19,0.54),(119,'EUR Palasport','EUR Fermi',0,0,'03:35:00','03:50:00',20,0.91),(119,'Garbatella','Basilica S. Paolo',0,0,'02:15:00','02:30:00',16,0.4),(119,'Marconi','EUR Magliana',0,0,'02:55:00','03:10:00',18,0.49),(119,'Monti Tiburtini','Quinitiliani',0,0,'22:35:00','22:50:00',5,0.8),(119,'Pietralata','Monti Tiburtini',0,0,'22:15:00','22:30:00',4,0.56),(119,'Piramide','Garbatella',0,0,'01:55:00','02:10:00',15,0.77),(119,'Policlinico','Castro Pretorio',0,0,'23:55:00','00:10:00',9,0.5),(119,'Ponte Mammolo','Santa Maria del Soccorso',0,0,'21:35:00','21:50:00',2,0.37),(119,'Quinitiliani','Tiburtina',0,0,'22:55:00','23:10:00',6,0.81),(119,'Rebibbia','Ponte Mammolo',1,0,'21:15:00','21:30:00',1,0.35),(119,'Santa Maria del Soccorso','Pietralata',0,0,'21:55:00','22:10:00',3,0.91),(119,'Termini','Cavour',0,0,'00:35:00','00:50:00',11,0.89),(119,'Tiburtina','Bologna',0,0,'23:15:00','23:30:00',7,0.75),(120,'Basilica S. Paolo','Marconi',0,0,'04:50:00','05:05:00',17,0.57),(120,'Bologna','Policlinico',0,0,'01:50:00','02:05:00',8,0.65),(120,'Castro Pretorio','Termini',0,0,'02:30:00','02:45:00',10,0.53),(120,'Cavour','Colosseo',0,0,'03:10:00','03:25:00',12,0.97),(120,'Circo Massimo','Piramide',0,0,'03:50:00','04:05:00',14,0.91),(120,'Colosseo','Circo Massimo',0,0,'03:30:00','03:45:00',13,0.49),(120,'EUR Fermi','Laurentina',0,1,'06:10:00','06:25:00',21,0.75),(120,'EUR Magliana','EUR Palasport',0,0,'05:30:00','05:45:00',19,0.54),(120,'EUR Palasport','EUR Fermi',0,0,'05:50:00','06:05:00',20,0.91),(120,'Garbatella','Basilica S. Paolo',0,0,'04:30:00','04:45:00',16,0.4),(120,'Marconi','EUR Magliana',0,0,'05:10:00','05:25:00',18,0.49),(120,'Monti Tiburtini','Quinitiliani',0,0,'00:50:00','01:05:00',5,0.8),(120,'Pietralata','Monti Tiburtini',0,0,'00:30:00','00:45:00',4,0.56),(120,'Piramide','Garbatella',0,0,'04:10:00','04:25:00',15,0.77),(120,'Policlinico','Castro Pretorio',0,0,'02:10:00','02:25:00',9,0.5),(120,'Ponte Mammolo','Santa Maria del Soccorso',0,0,'23:50:00','00:05:00',2,0.37),(120,'Quinitiliani','Tiburtina',0,0,'01:10:00','01:25:00',6,0.81),(120,'Rebibbia','Ponte Mammolo',1,0,'23:30:00','23:45:00',1,0.35),(120,'Santa Maria del Soccorso','Pietralata',0,0,'00:10:00','00:25:00',3,0.91),(120,'Termini','Cavour',0,0,'02:50:00','03:05:00',11,0.89),(120,'Tiburtina','Bologna',0,0,'01:30:00','01:45:00',7,0.75),(121,'Basilica S. Paolo','Marconi',0,0,'07:05:00','07:20:00',17,0.57),(121,'Bologna','Policlinico',0,0,'04:05:00','04:20:00',8,0.65),(121,'Castro Pretorio','Termini',0,0,'04:45:00','05:00:00',10,0.53),(121,'Cavour','Colosseo',0,0,'05:25:00','05:40:00',12,0.97),(121,'Circo Massimo','Piramide',0,0,'06:05:00','06:20:00',14,0.91),(121,'Colosseo','Circo Massimo',0,0,'05:45:00','06:00:00',13,0.49),(121,'EUR Fermi','Laurentina',0,1,'08:25:00','08:40:00',21,0.75),(121,'EUR Magliana','EUR Palasport',0,0,'07:45:00','08:00:00',19,0.54),(121,'EUR Palasport','EUR Fermi',0,0,'08:05:00','08:20:00',20,0.91),(121,'Garbatella','Basilica S. Paolo',0,0,'06:45:00','07:00:00',16,0.4),(121,'Marconi','EUR Magliana',0,0,'07:25:00','07:40:00',18,0.49),(121,'Monti Tiburtini','Quinitiliani',0,0,'03:05:00','03:20:00',5,0.8),(121,'Pietralata','Monti Tiburtini',0,0,'02:45:00','03:00:00',4,0.56),(121,'Piramide','Garbatella',0,0,'06:25:00','06:40:00',15,0.77),(121,'Policlinico','Castro Pretorio',0,0,'04:25:00','04:40:00',9,0.5),(121,'Ponte Mammolo','Santa Maria del Soccorso',0,0,'02:05:00','02:20:00',2,0.37),(121,'Quinitiliani','Tiburtina',0,0,'03:25:00','03:40:00',6,0.81),(121,'Rebibbia','Ponte Mammolo',1,0,'01:45:00','02:00:00',1,0.35),(121,'Santa Maria del Soccorso','Pietralata',0,0,'02:25:00','02:40:00',3,0.91),(121,'Termini','Cavour',0,0,'05:05:00','05:20:00',11,0.89),(121,'Tiburtina','Bologna',0,0,'03:45:00','04:00:00',7,0.75),(122,'Basilica S. Paolo','Marconi',0,0,'09:20:00','09:35:00',17,0.57),(122,'Bologna','Policlinico',0,0,'06:20:00','06:35:00',8,0.65),(122,'Castro Pretorio','Termini',0,0,'07:00:00','07:15:00',10,0.53),(122,'Cavour','Colosseo',0,0,'07:40:00','07:55:00',12,0.97),(122,'Circo Massimo','Piramide',0,0,'08:20:00','08:35:00',14,0.91),(122,'Colosseo','Circo Massimo',0,0,'08:00:00','08:15:00',13,0.49),(122,'EUR Fermi','Laurentina',0,1,'10:40:00','10:55:00',21,0.75),(122,'EUR Magliana','EUR Palasport',0,0,'10:00:00','10:15:00',19,0.54),(122,'EUR Palasport','EUR Fermi',0,0,'10:20:00','10:35:00',20,0.91),(122,'Garbatella','Basilica S. Paolo',0,0,'09:00:00','09:15:00',16,0.4),(122,'Marconi','EUR Magliana',0,0,'09:40:00','09:55:00',18,0.49),(122,'Monti Tiburtini','Quinitiliani',0,0,'05:20:00','05:35:00',5,0.8),(122,'Pietralata','Monti Tiburtini',0,0,'05:00:00','05:15:00',4,0.56),(122,'Piramide','Garbatella',0,0,'08:40:00','08:55:00',15,0.77),(122,'Policlinico','Castro Pretorio',0,0,'06:40:00','06:55:00',9,0.5),(122,'Ponte Mammolo','Santa Maria del Soccorso',0,0,'04:20:00','04:35:00',2,0.37),(122,'Quinitiliani','Tiburtina',0,0,'05:40:00','05:55:00',6,0.81),(122,'Rebibbia','Ponte Mammolo',1,0,'04:00:00','04:15:00',1,0.35),(122,'Santa Maria del Soccorso','Pietralata',0,0,'04:40:00','04:55:00',3,0.91),(122,'Termini','Cavour',0,0,'07:20:00','07:35:00',11,0.89),(122,'Tiburtina','Bologna',0,0,'06:00:00','06:15:00',7,0.75),(123,'Conca d\'Oro','Libia',0,0,'05:50:00','06:05:00',2,0.75),(123,'Jonio','Conca d\'Oro',1,0,'05:30:00','05:45:00',1,0.77),(123,'Libia','Sant\'Agnese/Annibaliano',0,1,'06:10:00','06:25:00',3,0.41),(124,'Conca d\'Oro','Libia',0,0,'08:05:00','08:20:00',2,0.75),(124,'Jonio','Conca d\'Oro',1,0,'07:45:00','08:00:00',1,0.77),(124,'Libia','Sant\'Agnese/Annibaliano',0,1,'08:25:00','08:40:00',3,0.41),(125,'Conca d\'Oro','Libia',0,0,'10:20:00','10:35:00',2,0.75),(125,'Jonio','Conca d\'Oro',1,0,'10:00:00','10:15:00',1,0.77),(125,'Libia','Sant\'Agnese/Annibaliano',0,1,'10:40:00','10:55:00',3,0.41),(126,'Conca d\'Oro','Libia',0,0,'12:35:00','12:50:00',2,0.75),(126,'Jonio','Conca d\'Oro',1,0,'12:15:00','12:30:00',1,0.77),(126,'Libia','Sant\'Agnese/Annibaliano',0,1,'12:55:00','13:10:00',3,0.41),(127,'Conca d\'Oro','Libia',0,0,'14:50:00','15:05:00',2,0.75),(127,'Jonio','Conca d\'Oro',1,0,'14:30:00','14:45:00',1,0.77),(127,'Libia','Sant\'Agnese/Annibaliano',0,1,'15:10:00','15:25:00',3,0.41),(128,'Conca d\'Oro','Libia',0,0,'17:05:00','17:20:00',2,0.75),(128,'Jonio','Conca d\'Oro',1,0,'16:45:00','17:00:00',1,0.77),(128,'Libia','Sant\'Agnese/Annibaliano',0,1,'17:25:00','17:40:00',3,0.41),(129,'Conca d\'Oro','Libia',0,0,'19:20:00','19:35:00',2,0.75),(129,'Jonio','Conca d\'Oro',1,0,'19:00:00','19:15:00',1,0.77),(129,'Libia','Sant\'Agnese/Annibaliano',0,1,'19:40:00','19:55:00',3,0.41),(130,'Conca d\'Oro','Libia',0,0,'21:35:00','21:50:00',2,0.75),(130,'Jonio','Conca d\'Oro',1,0,'21:15:00','21:30:00',1,0.77),(130,'Libia','Sant\'Agnese/Annibaliano',0,1,'21:55:00','22:10:00',3,0.41),(131,'Conca d\'Oro','Libia',0,0,'23:50:00','00:05:00',2,0.75),(131,'Jonio','Conca d\'Oro',1,0,'23:30:00','23:45:00',1,0.77),(131,'Libia','Sant\'Agnese/Annibaliano',0,1,'00:10:00','00:25:00',3,0.41),(132,'Conca d\'Oro','Libia',0,0,'02:05:00','02:20:00',2,0.75),(132,'Jonio','Conca d\'Oro',1,0,'01:45:00','02:00:00',1,0.77),(132,'Libia','Sant\'Agnese/Annibaliano',0,1,'02:25:00','02:40:00',3,0.41),(133,'Conca d\'Oro','Libia',0,0,'04:20:00','04:35:00',2,0.75),(133,'Jonio','Conca d\'Oro',1,0,'04:00:00','04:15:00',1,0.77),(133,'Libia','Sant\'Agnese/Annibaliano',0,1,'04:40:00','04:55:00',3,0.41),(134,'Alessandrino','Torre Spaccata',0,0,'08:10:00','08:25:00',9,0.58),(134,'Bolognetta','Finocchio',0,0,'11:50:00','12:05:00',22,0.5),(134,'Borghesiana','Bolognetta',0,0,'11:30:00','11:45:00',21,0.55),(134,'Due Leoni','Borghesiana',0,0,'11:10:00','11:25:00',20,0.26),(134,'Finocchio','Graniti',0,0,'12:10:00','12:25:00',23,0.81),(134,'Fontana Candida','Due Leoni',0,0,'10:50:00','11:05:00',19,0.9),(134,'Gardenie','Mirti',0,0,'07:10:00','07:25:00',6,0.87),(134,'Giardinetti','Torrenova',0,0,'09:10:00','09:25:00',12,0.51),(134,'Graniti','Monte Compatri-Pantano',0,1,'12:30:00','12:45:00',24,0.86),(134,'Grotte Celoni','Fontana Candida',0,0,'10:30:00','10:45:00',18,0.48),(134,'Lodi','Pigneto',0,0,'05:50:00','06:05:00',2,0.37),(134,'Malatesta','Teano',0,0,'06:30:00','06:45:00',4,0.99),(134,'Mirti','Parco di Centocelle',0,0,'07:30:00','07:45:00',7,0.54),(134,'Parco di Centocelle','Alessandrino',0,0,'07:50:00','08:05:00',8,0.73),(134,'Pigneto','Malatesta',0,0,'06:10:00','06:25:00',3,0.65),(134,'San Giovanni','Lodi',1,0,'05:30:00','05:45:00',1,0.8),(134,'Teano','Gardenie',0,0,'06:50:00','07:05:00',5,0.42),(134,'Torre Angela','Torre Gaia',0,0,'09:50:00','10:05:00',14,0.77),(134,'Torre Gaia','Grotte Celoni',0,0,'10:10:00','10:25:00',17,0.94),(134,'Torre Maura','Giardinetti',0,0,'08:50:00','09:05:00',11,0.75),(134,'Torre Spaccata','Torre Maura',0,0,'08:30:00','08:45:00',10,0.46),(134,'Torrenova','Torre Angela',0,0,'09:30:00','09:45:00',13,0.76),(135,'Alessandrino','Torre Spaccata',0,0,'10:25:00','10:40:00',9,0.58),(135,'Bolognetta','Finocchio',0,0,'14:05:00','14:20:00',22,0.5),(135,'Borghesiana','Bolognetta',0,0,'13:45:00','14:00:00',21,0.55),(135,'Due Leoni','Borghesiana',0,0,'13:25:00','13:40:00',20,0.26),(135,'Finocchio','Graniti',0,0,'14:25:00','14:40:00',23,0.81),(135,'Fontana Candida','Due Leoni',0,0,'13:05:00','13:20:00',19,0.9),(135,'Gardenie','Mirti',0,0,'09:25:00','09:40:00',6,0.87),(135,'Giardinetti','Torrenova',0,0,'11:25:00','11:40:00',12,0.51),(135,'Graniti','Monte Compatri-Pantano',0,1,'14:45:00','15:00:00',24,0.86),(135,'Grotte Celoni','Fontana Candida',0,0,'12:45:00','13:00:00',18,0.48),(135,'Lodi','Pigneto',0,0,'08:05:00','08:20:00',2,0.37),(135,'Malatesta','Teano',0,0,'08:45:00','09:00:00',4,0.99),(135,'Mirti','Parco di Centocelle',0,0,'09:45:00','10:00:00',7,0.54),(135,'Parco di Centocelle','Alessandrino',0,0,'10:05:00','10:20:00',8,0.73),(135,'Pigneto','Malatesta',0,0,'08:25:00','08:40:00',3,0.65),(135,'San Giovanni','Lodi',1,0,'07:45:00','08:00:00',1,0.8),(135,'Teano','Gardenie',0,0,'09:05:00','09:20:00',5,0.42),(135,'Torre Angela','Torre Gaia',0,0,'12:05:00','12:20:00',14,0.77),(135,'Torre Gaia','Grotte Celoni',0,0,'12:25:00','12:40:00',17,0.94),(135,'Torre Maura','Giardinetti',0,0,'11:05:00','11:20:00',11,0.75),(135,'Torre Spaccata','Torre Maura',0,0,'10:45:00','11:00:00',10,0.46),(135,'Torrenova','Torre Angela',0,0,'11:45:00','12:00:00',13,0.76),(136,'Alessandrino','Torre Spaccata',0,0,'12:40:00','12:55:00',9,0.58),(136,'Bolognetta','Finocchio',0,0,'16:20:00','16:35:00',22,0.5),(136,'Borghesiana','Bolognetta',0,0,'16:00:00','16:15:00',21,0.55),(136,'Due Leoni','Borghesiana',0,0,'15:40:00','15:55:00',20,0.26),(136,'Finocchio','Graniti',0,0,'16:40:00','16:55:00',23,0.81),(136,'Fontana Candida','Due Leoni',0,0,'15:20:00','15:35:00',19,0.9),(136,'Gardenie','Mirti',0,0,'11:40:00','11:55:00',6,0.87),(136,'Giardinetti','Torrenova',0,0,'13:40:00','13:55:00',12,0.51),(136,'Graniti','Monte Compatri-Pantano',0,1,'17:00:00','17:15:00',24,0.86),(136,'Grotte Celoni','Fontana Candida',0,0,'15:00:00','15:15:00',18,0.48),(136,'Lodi','Pigneto',0,0,'10:20:00','10:35:00',2,0.37),(136,'Malatesta','Teano',0,0,'11:00:00','11:15:00',4,0.99),(136,'Mirti','Parco di Centocelle',0,0,'12:00:00','12:15:00',7,0.54),(136,'Parco di Centocelle','Alessandrino',0,0,'12:20:00','12:35:00',8,0.73),(136,'Pigneto','Malatesta',0,0,'10:40:00','10:55:00',3,0.65),(136,'San Giovanni','Lodi',1,0,'10:00:00','10:15:00',1,0.8),(136,'Teano','Gardenie',0,0,'11:20:00','11:35:00',5,0.42),(136,'Torre Angela','Torre Gaia',0,0,'14:20:00','14:35:00',14,0.77),(136,'Torre Gaia','Grotte Celoni',0,0,'14:40:00','14:55:00',17,0.94),(136,'Torre Maura','Giardinetti',0,0,'13:20:00','13:35:00',11,0.75),(136,'Torre Spaccata','Torre Maura',0,0,'13:00:00','13:15:00',10,0.46),(136,'Torrenova','Torre Angela',0,0,'14:00:00','14:15:00',13,0.76),(137,'Alessandrino','Torre Spaccata',0,0,'14:55:00','15:10:00',9,0.58),(137,'Bolognetta','Finocchio',0,0,'18:35:00','18:50:00',22,0.5),(137,'Borghesiana','Bolognetta',0,0,'18:15:00','18:30:00',21,0.55),(137,'Due Leoni','Borghesiana',0,0,'17:55:00','18:10:00',20,0.26),(137,'Finocchio','Graniti',0,0,'18:55:00','19:10:00',23,0.81),(137,'Fontana Candida','Due Leoni',0,0,'17:35:00','17:50:00',19,0.9),(137,'Gardenie','Mirti',0,0,'13:55:00','14:10:00',6,0.87),(137,'Giardinetti','Torrenova',0,0,'15:55:00','16:10:00',12,0.51),(137,'Graniti','Monte Compatri-Pantano',0,1,'19:15:00','19:30:00',24,0.86),(137,'Grotte Celoni','Fontana Candida',0,0,'17:15:00','17:30:00',18,0.48),(137,'Lodi','Pigneto',0,0,'12:35:00','12:50:00',2,0.37),(137,'Malatesta','Teano',0,0,'13:15:00','13:30:00',4,0.99),(137,'Mirti','Parco di Centocelle',0,0,'14:15:00','14:30:00',7,0.54),(137,'Parco di Centocelle','Alessandrino',0,0,'14:35:00','14:50:00',8,0.73),(137,'Pigneto','Malatesta',0,0,'12:55:00','13:10:00',3,0.65),(137,'San Giovanni','Lodi',1,0,'12:15:00','12:30:00',1,0.8),(137,'Teano','Gardenie',0,0,'13:35:00','13:50:00',5,0.42),(137,'Torre Angela','Torre Gaia',0,0,'16:35:00','16:50:00',14,0.77),(137,'Torre Gaia','Grotte Celoni',0,0,'16:55:00','17:10:00',17,0.94),(137,'Torre Maura','Giardinetti',0,0,'15:35:00','15:50:00',11,0.75),(137,'Torre Spaccata','Torre Maura',0,0,'15:15:00','15:30:00',10,0.46),(137,'Torrenova','Torre Angela',0,0,'16:15:00','16:30:00',13,0.76),(138,'Alessandrino','Torre Spaccata',0,0,'17:10:00','17:25:00',9,0.58),(138,'Bolognetta','Finocchio',0,0,'20:50:00','21:05:00',22,0.5),(138,'Borghesiana','Bolognetta',0,0,'20:30:00','20:45:00',21,0.55),(138,'Due Leoni','Borghesiana',0,0,'20:10:00','20:25:00',20,0.26),(138,'Finocchio','Graniti',0,0,'21:10:00','21:25:00',23,0.81),(138,'Fontana Candida','Due Leoni',0,0,'19:50:00','20:05:00',19,0.9),(138,'Gardenie','Mirti',0,0,'16:10:00','16:25:00',6,0.87),(138,'Giardinetti','Torrenova',0,0,'18:10:00','18:25:00',12,0.51),(138,'Graniti','Monte Compatri-Pantano',0,1,'21:30:00','21:45:00',24,0.86),(138,'Grotte Celoni','Fontana Candida',0,0,'19:30:00','19:45:00',18,0.48),(138,'Lodi','Pigneto',0,0,'14:50:00','15:05:00',2,0.37),(138,'Malatesta','Teano',0,0,'15:30:00','15:45:00',4,0.99),(138,'Mirti','Parco di Centocelle',0,0,'16:30:00','16:45:00',7,0.54),(138,'Parco di Centocelle','Alessandrino',0,0,'16:50:00','17:05:00',8,0.73),(138,'Pigneto','Malatesta',0,0,'15:10:00','15:25:00',3,0.65),(138,'San Giovanni','Lodi',1,0,'14:30:00','14:45:00',1,0.8),(138,'Teano','Gardenie',0,0,'15:50:00','16:05:00',5,0.42),(138,'Torre Angela','Torre Gaia',0,0,'18:50:00','19:05:00',14,0.77),(138,'Torre Gaia','Grotte Celoni',0,0,'19:10:00','19:25:00',17,0.94),(138,'Torre Maura','Giardinetti',0,0,'17:50:00','18:05:00',11,0.75),(138,'Torre Spaccata','Torre Maura',0,0,'17:30:00','17:45:00',10,0.46),(138,'Torrenova','Torre Angela',0,0,'18:30:00','18:45:00',13,0.76),(139,'Alessandrino','Torre Spaccata',0,0,'19:25:00','19:40:00',9,0.58),(139,'Bolognetta','Finocchio',0,0,'23:05:00','23:20:00',22,0.5),(139,'Borghesiana','Bolognetta',0,0,'22:45:00','23:00:00',21,0.55),(139,'Due Leoni','Borghesiana',0,0,'22:25:00','22:40:00',20,0.26),(139,'Finocchio','Graniti',0,0,'23:25:00','23:40:00',23,0.81),(139,'Fontana Candida','Due Leoni',0,0,'22:05:00','22:20:00',19,0.9),(139,'Gardenie','Mirti',0,0,'18:25:00','18:40:00',6,0.87),(139,'Giardinetti','Torrenova',0,0,'20:25:00','20:40:00',12,0.51),(139,'Graniti','Monte Compatri-Pantano',0,1,'23:45:00','00:00:00',24,0.86),(139,'Grotte Celoni','Fontana Candida',0,0,'21:45:00','22:00:00',18,0.48),(139,'Lodi','Pigneto',0,0,'17:05:00','17:20:00',2,0.37),(139,'Malatesta','Teano',0,0,'17:45:00','18:00:00',4,0.99),(139,'Mirti','Parco di Centocelle',0,0,'18:45:00','19:00:00',7,0.54),(139,'Parco di Centocelle','Alessandrino',0,0,'19:05:00','19:20:00',8,0.73),(139,'Pigneto','Malatesta',0,0,'17:25:00','17:40:00',3,0.65),(139,'San Giovanni','Lodi',1,0,'16:45:00','17:00:00',1,0.8),(139,'Teano','Gardenie',0,0,'18:05:00','18:20:00',5,0.42),(139,'Torre Angela','Torre Gaia',0,0,'21:05:00','21:20:00',14,0.77),(139,'Torre Gaia','Grotte Celoni',0,0,'21:25:00','21:40:00',17,0.94),(139,'Torre Maura','Giardinetti',0,0,'20:05:00','20:20:00',11,0.75),(139,'Torre Spaccata','Torre Maura',0,0,'19:45:00','20:00:00',10,0.46),(139,'Torrenova','Torre Angela',0,0,'20:45:00','21:00:00',13,0.76),(140,'Alessandrino','Torre Spaccata',0,0,'21:40:00','21:55:00',9,0.58),(140,'Bolognetta','Finocchio',0,0,'01:20:00','01:35:00',22,0.5),(140,'Borghesiana','Bolognetta',0,0,'01:00:00','01:15:00',21,0.55),(140,'Due Leoni','Borghesiana',0,0,'00:40:00','00:55:00',20,0.26),(140,'Finocchio','Graniti',0,0,'01:40:00','01:55:00',23,0.81),(140,'Fontana Candida','Due Leoni',0,0,'00:20:00','00:35:00',19,0.9),(140,'Gardenie','Mirti',0,0,'20:40:00','20:55:00',6,0.87),(140,'Giardinetti','Torrenova',0,0,'22:40:00','22:55:00',12,0.51),(140,'Graniti','Monte Compatri-Pantano',0,1,'02:00:00','02:15:00',24,0.86),(140,'Grotte Celoni','Fontana Candida',0,0,'00:00:00','00:15:00',18,0.48),(140,'Lodi','Pigneto',0,0,'19:20:00','19:35:00',2,0.37),(140,'Malatesta','Teano',0,0,'20:00:00','20:15:00',4,0.99),(140,'Mirti','Parco di Centocelle',0,0,'21:00:00','21:15:00',7,0.54),(140,'Parco di Centocelle','Alessandrino',0,0,'21:20:00','21:35:00',8,0.73),(140,'Pigneto','Malatesta',0,0,'19:40:00','19:55:00',3,0.65),(140,'San Giovanni','Lodi',1,0,'19:00:00','19:15:00',1,0.8),(140,'Teano','Gardenie',0,0,'20:20:00','20:35:00',5,0.42),(140,'Torre Angela','Torre Gaia',0,0,'23:20:00','23:35:00',14,0.77),(140,'Torre Gaia','Grotte Celoni',0,0,'23:40:00','23:55:00',17,0.94),(140,'Torre Maura','Giardinetti',0,0,'22:20:00','22:35:00',11,0.75),(140,'Torre Spaccata','Torre Maura',0,0,'22:00:00','22:15:00',10,0.46),(140,'Torrenova','Torre Angela',0,0,'23:00:00','23:15:00',13,0.76),(141,'Alessandrino','Torre Spaccata',0,0,'23:55:00','00:10:00',9,0.58),(141,'Bolognetta','Finocchio',0,0,'03:35:00','03:50:00',22,0.5),(141,'Borghesiana','Bolognetta',0,0,'03:15:00','03:30:00',21,0.55),(141,'Due Leoni','Borghesiana',0,0,'02:55:00','03:10:00',20,0.26),(141,'Finocchio','Graniti',0,0,'03:55:00','04:10:00',23,0.81),(141,'Fontana Candida','Due Leoni',0,0,'02:35:00','02:50:00',19,0.9),(141,'Gardenie','Mirti',0,0,'22:55:00','23:10:00',6,0.87),(141,'Giardinetti','Torrenova',0,0,'00:55:00','01:10:00',12,0.51),(141,'Graniti','Monte Compatri-Pantano',0,1,'04:15:00','04:30:00',24,0.86),(141,'Grotte Celoni','Fontana Candida',0,0,'02:15:00','02:30:00',18,0.48),(141,'Lodi','Pigneto',0,0,'21:35:00','21:50:00',2,0.37),(141,'Malatesta','Teano',0,0,'22:15:00','22:30:00',4,0.99),(141,'Mirti','Parco di Centocelle',0,0,'23:15:00','23:30:00',7,0.54),(141,'Parco di Centocelle','Alessandrino',0,0,'23:35:00','23:50:00',8,0.73),(141,'Pigneto','Malatesta',0,0,'21:55:00','22:10:00',3,0.65),(141,'San Giovanni','Lodi',1,0,'21:15:00','21:30:00',1,0.8),(141,'Teano','Gardenie',0,0,'22:35:00','22:50:00',5,0.42),(141,'Torre Angela','Torre Gaia',0,0,'01:35:00','01:50:00',14,0.77),(141,'Torre Gaia','Grotte Celoni',0,0,'01:55:00','02:10:00',17,0.94),(141,'Torre Maura','Giardinetti',0,0,'00:35:00','00:50:00',11,0.75),(141,'Torre Spaccata','Torre Maura',0,0,'00:15:00','00:30:00',10,0.46),(141,'Torrenova','Torre Angela',0,0,'01:15:00','01:30:00',13,0.76),(142,'Alessandrino','Torre Spaccata',0,0,'02:10:00','02:25:00',9,0.58),(142,'Bolognetta','Finocchio',0,0,'05:50:00','06:05:00',22,0.5),(142,'Borghesiana','Bolognetta',0,0,'05:30:00','05:45:00',21,0.55),(142,'Due Leoni','Borghesiana',0,0,'05:10:00','05:25:00',20,0.26),(142,'Finocchio','Graniti',0,0,'06:10:00','06:25:00',23,0.81),(142,'Fontana Candida','Due Leoni',0,0,'04:50:00','05:05:00',19,0.9),(142,'Gardenie','Mirti',0,0,'01:10:00','01:25:00',6,0.87),(142,'Giardinetti','Torrenova',0,0,'03:10:00','03:25:00',12,0.51),(142,'Graniti','Monte Compatri-Pantano',0,1,'06:30:00','06:45:00',24,0.86),(142,'Grotte Celoni','Fontana Candida',0,0,'04:30:00','04:45:00',18,0.48),(142,'Lodi','Pigneto',0,0,'23:50:00','00:05:00',2,0.37),(142,'Malatesta','Teano',0,0,'00:30:00','00:45:00',4,0.99),(142,'Mirti','Parco di Centocelle',0,0,'01:30:00','01:45:00',7,0.54),(142,'Parco di Centocelle','Alessandrino',0,0,'01:50:00','02:05:00',8,0.73),(142,'Pigneto','Malatesta',0,0,'00:10:00','00:25:00',3,0.65),(142,'San Giovanni','Lodi',1,0,'23:30:00','23:45:00',1,0.8),(142,'Teano','Gardenie',0,0,'00:50:00','01:05:00',5,0.42),(142,'Torre Angela','Torre Gaia',0,0,'03:50:00','04:05:00',14,0.77),(142,'Torre Gaia','Grotte Celoni',0,0,'04:10:00','04:25:00',17,0.94),(142,'Torre Maura','Giardinetti',0,0,'02:50:00','03:05:00',11,0.75),(142,'Torre Spaccata','Torre Maura',0,0,'02:30:00','02:45:00',10,0.46),(142,'Torrenova','Torre Angela',0,0,'03:30:00','03:45:00',13,0.76),(143,'Alessandrino','Torre Spaccata',0,0,'04:25:00','04:40:00',9,0.58),(143,'Bolognetta','Finocchio',0,0,'08:05:00','08:20:00',22,0.5),(143,'Borghesiana','Bolognetta',0,0,'07:45:00','08:00:00',21,0.55),(143,'Due Leoni','Borghesiana',0,0,'07:25:00','07:40:00',20,0.26),(143,'Finocchio','Graniti',0,0,'08:25:00','08:40:00',23,0.81),(143,'Fontana Candida','Due Leoni',0,0,'07:05:00','07:20:00',19,0.9),(143,'Gardenie','Mirti',0,0,'03:25:00','03:40:00',6,0.87),(143,'Giardinetti','Torrenova',0,0,'05:25:00','05:40:00',12,0.51),(143,'Graniti','Monte Compatri-Pantano',0,1,'08:45:00','09:00:00',24,0.86),(143,'Grotte Celoni','Fontana Candida',0,0,'06:45:00','07:00:00',18,0.48),(143,'Lodi','Pigneto',0,0,'02:05:00','02:20:00',2,0.37),(143,'Malatesta','Teano',0,0,'02:45:00','03:00:00',4,0.99),(143,'Mirti','Parco di Centocelle',0,0,'03:45:00','04:00:00',7,0.54),(143,'Parco di Centocelle','Alessandrino',0,0,'04:05:00','04:20:00',8,0.73),(143,'Pigneto','Malatesta',0,0,'02:25:00','02:40:00',3,0.65),(143,'San Giovanni','Lodi',1,0,'01:45:00','02:00:00',1,0.8),(143,'Teano','Gardenie',0,0,'03:05:00','03:20:00',5,0.42),(143,'Torre Angela','Torre Gaia',0,0,'06:05:00','06:20:00',14,0.77),(143,'Torre Gaia','Grotte Celoni',0,0,'06:25:00','06:40:00',17,0.94),(143,'Torre Maura','Giardinetti',0,0,'05:05:00','05:20:00',11,0.75),(143,'Torre Spaccata','Torre Maura',0,0,'04:45:00','05:00:00',10,0.46),(143,'Torrenova','Torre Angela',0,0,'05:45:00','06:00:00',13,0.76),(144,'Alessandrino','Torre Spaccata',0,0,'06:40:00','06:55:00',9,0.58),(144,'Bolognetta','Finocchio',0,0,'10:20:00','10:35:00',22,0.5),(144,'Borghesiana','Bolognetta',0,0,'10:00:00','10:15:00',21,0.55),(144,'Due Leoni','Borghesiana',0,0,'09:40:00','09:55:00',20,0.26),(144,'Finocchio','Graniti',0,0,'10:40:00','10:55:00',23,0.81),(144,'Fontana Candida','Due Leoni',0,0,'09:20:00','09:35:00',19,0.9),(144,'Gardenie','Mirti',0,0,'05:40:00','05:55:00',6,0.87),(144,'Giardinetti','Torrenova',0,0,'07:40:00','07:55:00',12,0.51),(144,'Graniti','Monte Compatri-Pantano',0,1,'11:00:00','11:15:00',24,0.86),(144,'Grotte Celoni','Fontana Candida',0,0,'09:00:00','09:15:00',18,0.48),(144,'Lodi','Pigneto',0,0,'04:20:00','04:35:00',2,0.37),(144,'Malatesta','Teano',0,0,'05:00:00','05:15:00',4,0.99),(144,'Mirti','Parco di Centocelle',0,0,'06:00:00','06:15:00',7,0.54),(144,'Parco di Centocelle','Alessandrino',0,0,'06:20:00','06:35:00',8,0.73),(144,'Pigneto','Malatesta',0,0,'04:40:00','04:55:00',3,0.65),(144,'San Giovanni','Lodi',1,0,'04:00:00','04:15:00',1,0.8),(144,'Teano','Gardenie',0,0,'05:20:00','05:35:00',5,0.42),(144,'Torre Angela','Torre Gaia',0,0,'08:20:00','08:35:00',14,0.77),(144,'Torre Gaia','Grotte Celoni',0,0,'08:40:00','08:55:00',17,0.94),(144,'Torre Maura','Giardinetti',0,0,'07:20:00','07:35:00',11,0.75),(144,'Torre Spaccata','Torre Maura',0,0,'07:00:00','07:15:00',10,0.46),(144,'Torrenova','Torre Angela',0,0,'08:00:00','08:15:00',13,0.76),(145,'Balduina','Gemelli',0,0,'08:10:00','08:25:00',9,0.5),(145,'Fidene','Tiburtina',0,0,'05:50:00','06:05:00',2,0.57),(145,'Gemelli','Viterbo',0,1,'08:30:00','08:45:00',10,0.5),(145,'Orte','Fidene',1,0,'05:30:00','05:45:00',1,0.81),(145,'Piramide','Trastevere',0,0,'06:50:00','07:05:00',5,0.26),(145,'Ponte Lungo','Piramide',0,0,'06:30:00','06:45:00',4,0.48),(145,'San Pietro','Valle Aurelia',0,0,'07:30:00','07:45:00',7,0.49),(145,'Tiburtina','Ponte Lungo',0,0,'06:10:00','06:25:00',3,0.6),(145,'Trastevere','San Pietro',0,0,'07:10:00','07:25:00',6,0.69),(145,'Valle Aurelia','Balduina',0,0,'07:50:00','08:05:00',8,0.74),(146,'Balduina','Gemelli',0,0,'10:25:00','10:40:00',9,0.5),(146,'Fidene','Tiburtina',0,0,'08:05:00','08:20:00',2,0.57),(146,'Gemelli','Viterbo',0,1,'10:45:00','11:00:00',10,0.5),(146,'Orte','Fidene',1,0,'07:45:00','08:00:00',1,0.81),(146,'Piramide','Trastevere',0,0,'09:05:00','09:20:00',5,0.26),(146,'Ponte Lungo','Piramide',0,0,'08:45:00','09:00:00',4,0.48),(146,'San Pietro','Valle Aurelia',0,0,'09:45:00','10:00:00',7,0.49),(146,'Tiburtina','Ponte Lungo',0,0,'08:25:00','08:40:00',3,0.6),(146,'Trastevere','San Pietro',0,0,'09:25:00','09:40:00',6,0.69),(146,'Valle Aurelia','Balduina',0,0,'10:05:00','10:20:00',8,0.74),(147,'Balduina','Gemelli',0,0,'12:40:00','12:55:00',9,0.5),(147,'Fidene','Tiburtina',0,0,'10:20:00','10:35:00',2,0.57),(147,'Gemelli','Viterbo',0,1,'13:00:00','13:15:00',10,0.5),(147,'Orte','Fidene',1,0,'10:00:00','10:15:00',1,0.81),(147,'Piramide','Trastevere',0,0,'11:20:00','11:35:00',5,0.26),(147,'Ponte Lungo','Piramide',0,0,'11:00:00','11:15:00',4,0.48),(147,'San Pietro','Valle Aurelia',0,0,'12:00:00','12:15:00',7,0.49),(147,'Tiburtina','Ponte Lungo',0,0,'10:40:00','10:55:00',3,0.6),(147,'Trastevere','San Pietro',0,0,'11:40:00','11:55:00',6,0.69),(147,'Valle Aurelia','Balduina',0,0,'12:20:00','12:35:00',8,0.74),(148,'Balduina','Gemelli',0,0,'14:55:00','15:10:00',9,0.5),(148,'Fidene','Tiburtina',0,0,'12:35:00','12:50:00',2,0.57),(148,'Gemelli','Viterbo',0,1,'15:15:00','15:30:00',10,0.5),(148,'Orte','Fidene',1,0,'12:15:00','12:30:00',1,0.81),(148,'Piramide','Trastevere',0,0,'13:35:00','13:50:00',5,0.26),(148,'Ponte Lungo','Piramide',0,0,'13:15:00','13:30:00',4,0.48),(148,'San Pietro','Valle Aurelia',0,0,'14:15:00','14:30:00',7,0.49),(148,'Tiburtina','Ponte Lungo',0,0,'12:55:00','13:10:00',3,0.6),(148,'Trastevere','San Pietro',0,0,'13:55:00','14:10:00',6,0.69),(148,'Valle Aurelia','Balduina',0,0,'14:35:00','14:50:00',8,0.74),(149,'Balduina','Gemelli',0,0,'17:10:00','17:25:00',9,0.5),(149,'Fidene','Tiburtina',0,0,'14:50:00','15:05:00',2,0.57),(149,'Gemelli','Viterbo',0,1,'17:30:00','17:45:00',10,0.5),(149,'Orte','Fidene',1,0,'14:30:00','14:45:00',1,0.81),(149,'Piramide','Trastevere',0,0,'15:50:00','16:05:00',5,0.26),(149,'Ponte Lungo','Piramide',0,0,'15:30:00','15:45:00',4,0.48),(149,'San Pietro','Valle Aurelia',0,0,'16:30:00','16:45:00',7,0.49),(149,'Tiburtina','Ponte Lungo',0,0,'15:10:00','15:25:00',3,0.6),(149,'Trastevere','San Pietro',0,0,'16:10:00','16:25:00',6,0.69),(149,'Valle Aurelia','Balduina',0,0,'16:50:00','17:05:00',8,0.74),(150,'Balduina','Gemelli',0,0,'19:25:00','19:40:00',9,0.5),(150,'Fidene','Tiburtina',0,0,'17:05:00','17:20:00',2,0.57),(150,'Gemelli','Viterbo',0,1,'19:45:00','20:00:00',10,0.5),(150,'Orte','Fidene',1,0,'16:45:00','17:00:00',1,0.81),(150,'Piramide','Trastevere',0,0,'18:05:00','18:20:00',5,0.26),(150,'Ponte Lungo','Piramide',0,0,'17:45:00','18:00:00',4,0.48),(150,'San Pietro','Valle Aurelia',0,0,'18:45:00','19:00:00',7,0.49),(150,'Tiburtina','Ponte Lungo',0,0,'17:25:00','17:40:00',3,0.6),(150,'Trastevere','San Pietro',0,0,'18:25:00','18:40:00',6,0.69),(150,'Valle Aurelia','Balduina',0,0,'19:05:00','19:20:00',8,0.74),(151,'Balduina','Gemelli',0,0,'21:40:00','21:55:00',9,0.5),(151,'Fidene','Tiburtina',0,0,'19:20:00','19:35:00',2,0.57),(151,'Gemelli','Viterbo',0,1,'22:00:00','22:15:00',10,0.5),(151,'Orte','Fidene',1,0,'19:00:00','19:15:00',1,0.81),(151,'Piramide','Trastevere',0,0,'20:20:00','20:35:00',5,0.26),(151,'Ponte Lungo','Piramide',0,0,'20:00:00','20:15:00',4,0.48),(151,'San Pietro','Valle Aurelia',0,0,'21:00:00','21:15:00',7,0.49),(151,'Tiburtina','Ponte Lungo',0,0,'19:40:00','19:55:00',3,0.6),(151,'Trastevere','San Pietro',0,0,'20:40:00','20:55:00',6,0.69),(151,'Valle Aurelia','Balduina',0,0,'21:20:00','21:35:00',8,0.74),(152,'Balduina','Gemelli',0,0,'23:55:00','00:10:00',9,0.5),(152,'Fidene','Tiburtina',0,0,'21:35:00','21:50:00',2,0.57),(152,'Gemelli','Viterbo',0,1,'00:15:00','00:30:00',10,0.5),(152,'Orte','Fidene',1,0,'21:15:00','21:30:00',1,0.81),(152,'Piramide','Trastevere',0,0,'22:35:00','22:50:00',5,0.26),(152,'Ponte Lungo','Piramide',0,0,'22:15:00','22:30:00',4,0.48),(152,'San Pietro','Valle Aurelia',0,0,'23:15:00','23:30:00',7,0.49),(152,'Tiburtina','Ponte Lungo',0,0,'21:55:00','22:10:00',3,0.6),(152,'Trastevere','San Pietro',0,0,'22:55:00','23:10:00',6,0.69),(152,'Valle Aurelia','Balduina',0,0,'23:35:00','23:50:00',8,0.74),(153,'Balduina','Gemelli',0,0,'02:10:00','02:25:00',9,0.5),(153,'Fidene','Tiburtina',0,0,'23:50:00','00:05:00',2,0.57),(153,'Gemelli','Viterbo',0,1,'02:30:00','02:45:00',10,0.5),(153,'Orte','Fidene',1,0,'23:30:00','23:45:00',1,0.81),(153,'Piramide','Trastevere',0,0,'00:50:00','01:05:00',5,0.26),(153,'Ponte Lungo','Piramide',0,0,'00:30:00','00:45:00',4,0.48),(153,'San Pietro','Valle Aurelia',0,0,'01:30:00','01:45:00',7,0.49),(153,'Tiburtina','Ponte Lungo',0,0,'00:10:00','00:25:00',3,0.6),(153,'Trastevere','San Pietro',0,0,'01:10:00','01:25:00',6,0.69),(153,'Valle Aurelia','Balduina',0,0,'01:50:00','02:05:00',8,0.74),(154,'Balduina','Gemelli',0,0,'04:25:00','04:40:00',9,0.5),(154,'Fidene','Tiburtina',0,0,'02:05:00','02:20:00',2,0.57),(154,'Gemelli','Viterbo',0,1,'04:45:00','05:00:00',10,0.5),(154,'Orte','Fidene',1,0,'01:45:00','02:00:00',1,0.81),(154,'Piramide','Trastevere',0,0,'03:05:00','03:20:00',5,0.26),(154,'Ponte Lungo','Piramide',0,0,'02:45:00','03:00:00',4,0.48),(154,'San Pietro','Valle Aurelia',0,0,'03:45:00','04:00:00',7,0.49),(154,'Tiburtina','Ponte Lungo',0,0,'02:25:00','02:40:00',3,0.6),(154,'Trastevere','San Pietro',0,0,'03:25:00','03:40:00',6,0.69),(154,'Valle Aurelia','Balduina',0,0,'04:05:00','04:20:00',8,0.74),(155,'Balduina','Gemelli',0,0,'06:40:00','06:55:00',9,0.5),(155,'Fidene','Tiburtina',0,0,'04:20:00','04:35:00',2,0.57),(155,'Gemelli','Viterbo',0,1,'07:00:00','07:15:00',10,0.5),(155,'Orte','Fidene',1,0,'04:00:00','04:15:00',1,0.81),(155,'Piramide','Trastevere',0,0,'05:20:00','05:35:00',5,0.26),(155,'Ponte Lungo','Piramide',0,0,'05:00:00','05:15:00',4,0.48),(155,'San Pietro','Valle Aurelia',0,0,'06:00:00','06:15:00',7,0.49),(155,'Tiburtina','Ponte Lungo',0,0,'04:40:00','04:55:00',3,0.6),(155,'Trastevere','San Pietro',0,0,'05:40:00','05:55:00',6,0.69),(155,'Valle Aurelia','Balduina',0,0,'06:20:00','06:35:00',8,0.74);
/*!40000 ALTER TABLE `transiti` ENABLE KEYS */;
UNLOCK TABLES;

--
-- Dumping data for table `treno`
--

LOCK TABLES `treno` WRITE;
/*!40000 ALTER TABLE `treno` DISABLE KEYS */;
INSERT INTO `treno` VALUES (1,'Alstom','AGV 575','Intercity',2,8,96,384),(2,'Bombardier','Zefiro 380','High-Speed',3,10,120,480),(3,'Siemens','Velaro E','Intercity',2,9,108,432),(4,'AnsaldoBreda','Pendolino','High-Speed',2,7,84,336),(5,'Hitachi','A-Train','Regional',1,5,60,240),(6,'Stadler Rail','Flirt','Regionale',3,5,60,100),(7,'CAF','Civity','Regionale',5,7,100,140),(8,'CRRC','DF7000','Intercity',6,8,120,160),(9,'Hitachi','IC125','Intercity',7,9,140,180),(10,'Talgo','Patria','Intercity',5,7,100,140),(11,'Pesa','Dolphin','Intercity',4,6,80,120),(12,'Siemens','ICE 4','High-Speed',3,12,144,576),(13,'Alstom','Coradia Stream','Regionale',2,4,48,96),(14,'Hitachi','Grace','Intercity',3,7,96,252),(15,'Bombardier','Talent 2','Regionale',2,4,64,120),(16,'Hitachi','E235','Intercity',4,8,136,408),(17,'CRRC','EC6','Intercity',6,10,150,300),(18,'Siemens','Vectron','Intercity',2,6,80,200),(19,'AnsaldoBreda','V250','High-Speed',3,8,120,400),(20,'Bombardier','TGV Duplex','High-Speed',2,10,106,508),(21,'CAF','S-102','Intercity',6,8,116,228),(22,'Hitachi','Super Express','High-Speed',2,10,85,546),(23,'Pesa','Elf 2','Regionale',2,4,52,112),(24,'Siemens','Taurus','Intercity',2,6,92,184),(25,'Bombardier','TRAXX','Regionale',3,5,96,160),(26,'Alstom','Prima','Intercity',2,5,60,210),(27,'Stadler Rail','KISS','Intercity',5,9,130,426),(28,'Hitachi','AT-300','High-Speed',3,12,160,700),(29,'CRRC','CR400AF','Intercity',4,8,116,232),(30,'Siemens','ICE 1','High-Speed',2,10,64,430),(31,'AnsaldoBreda','Zephir','Intercity',3,7,80,300),(32,'Bombardier','TGV POS','High-Speed',2,8,80,378),(33,'CAF','Civia','Regionale',4,6,70,156),(34,'Hitachi','AT-200','High-Speed',2,8,60,400),(35,'Pesa','Dart','Regionale',3,4,60,96),(36,'Siemens','Vectron Dual Mode','Intercity',2,6,80,200),(37,'Siemens','Desiro Classic','Regionale',3,6,78,320),(38,'Siemens','EuroSprinter','Intercity',2,8,100,280),(39,'Siemens','Sprinter','Regionale',2,4,48,120),(40,'Siemens','ICE 4','High-Speed',2,14,70,830),(41,'Stadler Rail','KISS','Intercity',3,8,120,430),(42,'CAF','Oaris','High-Speed',3,10,129,520),(43,'Bombardier','Talent 3','Regionale',2,4,54,220),(44,'Alstom','Coradia Stream','Regionale',3,6,98,352),(45,'AnsaldoBreda','Sirio','Regionale',2,4,56,204),(46,'Hitachi','Super Express','Intercity',3,9,115,354),(47,'CRRC','High-Speed EMU','High-Speed',2,16,80,960),(48,'Pesa','Swing','Regionale',2,4,64,280),(49,'Siemens','EuroRunner','Intercity',2,8,100,280),(50,'CAF','S-120','Intercity',3,7,101,266),(51,'Alstom','Prima','Intercity',2,8,100,360),(52,'Bombardier','Regio 2N','Regionale',2,6,122,506),(53,'Stadler Rail','GTW','Regionale',2,4,68,172),(54,'Hitachi','AT-300','Intercity',4,12,120,420),(55,'AnsaldoBreda','Caravaggio','High-Speed',2,7,78,310),(101,'Hitachi','AT-400','High-Speed',3,10,140,520),(102,'Siemens','Desiro HC','Intercity',2,6,80,200),(103,'Bombardier','TWINDEXX Vario','Regionale',3,7,96,280),(104,'CAF','Civia 2','Regionale',4,8,120,260),(105,'Alstom','Pendolino 2','High-Speed',3,9,126,450),(106,'Bombardier','Zefiro 250','High-Speed',2,10,100,500),(107,'CAF','Civia 2','Regionale',3,6,72,200),(108,'AnsaldoBreda','V250 2','High-Speed',3,8,120,400),(109,'Siemens','Vectron Dual Mode 2','Intercity',2,6,80,200),(110,'Stadler Rail','Flirt 3','Regionale',3,5,60,100),(111,'Hitachi','A-Train 2','Regional',2,6,72,240),(112,'Bombardier','TRAXX 2','Regionale',3,5,96,160),(113,'Alstom','Coradia Stream 2','Regionale',2,4,48,96),(114,'Siemens','ICE 3','High-Speed',3,10,85,460),(115,'CRRC','CR400AF 2','Intercity',4,8,116,232),(116,'AnsaldoBreda','Frecciarossa 1000 2','High-Speed',2,8,70,448),(117,'Hitachi','AT-200 2','High-Speed',2,6,60,400),(118,'Pesa','Swing 2','Regionale',2,4,64,280),(119,'Siemens','Desiro Classic 2','Regionale',3,6,78,320),(120,'Stadler Rail','KISS 2','Intercity',4,8,120,400),(121,'Bombardier','Talent 3 2','Regionale',2,4,54,220),(122,'Siemens','Desiro','Regionale',2,5,60,200),(123,'Alstom','X\'Trapolis','Regionale',3,6,96,240),(124,'Bombardier','TRAXX AC3','Intercity',2,8,100,260),(125,'Hitachi','A-Train Neo','Regional',1,5,60,240),(126,'CRRC','CR300AF','Intercity',4,8,120,300),(127,'AnsaldoBreda','Sirio M','Regionale',2,4,56,204),(128,'Stadler Rail','FLIRT AKKU','Regionale',3,6,80,160),(129,'CAF','Civity EMU','Regionale',5,7,100,140),(130,'Siemens','Vectron Dual Mode','Intercity',2,6,80,200),(131,'Hitachi','AT-200','High-Speed',2,8,60,400),(132,'Bombardier','Talent 3','Regionale',2,4,54,220),(133,'Alstom','Coradia Polyvalent','Regionale',3,6,98,352),(134,'AnsaldoBreda','V250 AGV','High-Speed',3,8,120,400),(135,'Siemens','Velaro Novo','Intercity',2,10,80,500),(136,'CRRC','High-Speed EMU II','High-Speed',2,16,80,960),(137,'Stadler Rail','KISS 3','Intercity',3,8,120,430),(138,'CAF','S-130','Intercity',4,8,110,240),(139,'Bombardier','ZEFIRO 460','High-Speed',3,10,120,480),(140,'Hitachi','Class 385','Intercity',3,6,60,260),(141,'Pesa','Atribo','Regionale',2,4,72,180),(142,'Siemens','ICE 3','High-Speed',2,10,80,500),(143,'AnsaldoBreda','Frecciarossa 1000','High-Speed',4,12,164,480),(144,'Siemens','Desiro HC','Intercity',2,8,100,280),(145,'Bombardier','Regio 2N','Regionale',2,6,122,506),(146,'Alstom','Prima','Intercity',2,8,100,360),(147,'Hitachi','Grace 2','Intercity',3,7,96,252),(148,'CRRC','CRH5A','High-Speed',3,8,116,408),(149,'Talgo','T350','High-Speed',2,10,82,510),(150,'CAF','Cafela','Regionale',4,6,70,156),(151,'Pesa','Dart 2','Regionale',3,4,60,96),(152,'Siemens','Vectron Dual Mode','Intercity',2,6,80,200),(153,'AnsaldoBreda','V250','High-Speed',3,8,120,400),(154,'Stadler Rail','Flirt 3','Regionale',2,4,58,132),(155,'Bombardier','Zefiro 250','High-Speed',2,8,90,430);
/*!40000 ALTER TABLE `treno` ENABLE KEYS */;
UNLOCK TABLES;

--
-- Dumping data for table `viaggio`
--

LOCK TABLES `viaggio` WRITE;
/*!40000 ALTER TABLE `viaggio` DISABLE KEYS */;
INSERT INTO `viaggio` VALUES (1,1),(2,2),(3,3),(4,4),(5,5),(6,6),(7,7),(8,8),(9,9),(10,10),(11,11),(12,12),(13,13),(14,14),(15,15),(16,16),(17,17),(18,18),(19,19),(20,20),(21,21),(22,22),(23,23),(24,24),(25,25),(26,26),(27,27),(28,28),(29,29),(30,30),(31,31),(32,32),(33,33),(34,34),(35,35),(36,36),(37,37),(38,38),(39,39),(40,40),(41,41),(42,42),(43,43),(44,44),(45,45),(46,46),(47,47),(48,48),(49,49),(50,50),(51,51),(52,52),(53,53),(54,54),(55,55),(101,101),(102,102),(103,103),(104,104),(105,105),(106,106),(107,107),(108,108),(109,109),(110,110),(111,111),(112,112),(113,113),(114,114),(115,115),(116,116),(117,117),(118,118),(119,119),(120,120),(121,121),(122,122),(123,123),(124,124),(125,125),(126,126),(127,127),(128,128),(129,129),(130,130),(131,131),(132,132),(133,133),(134,134),(135,135),(136,136),(137,137),(138,138),(139,139),(140,140),(141,141),(142,142),(143,143),(144,144),(145,145),(146,146),(147,147),(148,148),(149,149),(150,150),(151,151),(152,152),(153,153),(154,154),(155,155);
/*!40000 ALTER TABLE `viaggio` ENABLE KEYS */;
UNLOCK TABLES;
/*!40103 SET TIME_ZONE=@OLD_TIME_ZONE */;

/*!40101 SET SQL_MODE=@OLD_SQL_MODE */;
/*!40014 SET FOREIGN_KEY_CHECKS=@OLD_FOREIGN_KEY_CHECKS */;
/*!40014 SET UNIQUE_CHECKS=@OLD_UNIQUE_CHECKS */;
/*!40101 SET CHARACTER_SET_CLIENT=@OLD_CHARACTER_SET_CLIENT */;
/*!40101 SET CHARACTER_SET_RESULTS=@OLD_CHARACTER_SET_RESULTS */;
/*!40101 SET COLLATION_CONNECTION=@OLD_COLLATION_CONNECTION */;
/*!40111 SET SQL_NOTES=@OLD_SQL_NOTES */;

-- Dump completed on 2023-06-09 16:07:13
